X,Y,status,ts
-81.524179,35.91727,Closed,2020-04-01T15:00:00Z
-92.377414,34.824743,Open,2020-04-01T15:00:00Z
-79.856143,34.280854,Open,2020-04-01T15:00:00Z
-89.113637,30.358319,Closed,2020-04-01T15:00:00Z
-97.116601,32.706686,Open,2020-04-01T15:00:00Z
-96.919885,32.80941,Open,2020-04-01T15:00:00Z
-82.0491,33.512783,Open,2020-04-01T15:00:00Z
-84.53423241,39.33963566,Open,2020-04-01T15:00:00Z
-92.128413,34.868706,Open,2020-04-01T15:00:00Z
-96.62427,32.768343,Open,2020-04-01T15:00:00Z
-88.9532,30.393385,Closed,2020-04-01T15:00:00Z
-80.03945,32.79142,Open,2020-04-01T15:00:00Z
-89.33646,31.349147,Open,2020-04-01T15:00:00Z
-95.249496,29.653034,Open,2020-04-01T15:00:00Z
-79.84329264,36.04204765,Open,2020-04-01T15:00:00Z
-84.885188,35.190895,Open,2020-04-01T15:00:00Z
-88.089,30.63512,Open,2020-04-01T15:00:00Z
-95.126758,29.53119,Closed,2020-04-01T15:00:00Z
-80.063365,36.110784,Closed,2020-04-01T15:00:00Z
-86.6018946,36.17257256,Closed,2020-04-01T15:00:00Z
-87.478445,36.837536,Open,2020-04-01T15:00:00Z
-86.421091,36.939011,Open,2020-04-01T15:00:00Z
-87.27663,30.405855,Open,2020-04-01T15:00:00Z
-84.76405,34.204793,Closed,2020-04-01T15:00:00Z
-80.155038,26.186843,Open,2020-04-01T15:00:00Z
-90.012628,38.67765,Closed,2020-04-01T15:00:00Z
-92.439432,35.11065,Open,2020-04-01T15:00:00Z
-85.31797613,35.08402824,Open,2020-04-01T15:00:00Z
-81.107962,34.003666,Open,2020-04-01T15:00:00Z
-112.112866,33.640482,Open,2020-04-01T15:00:00Z
-86.97323832,34.56890903,Open,2020-04-01T15:00:00Z
-94.130878,30.096615,Closed,2020-04-01T15:00:00Z
-94.54915,39.174405,Closed,2020-04-01T15:00:00Z
-86.582426,30.439984,Open,2020-04-01T15:00:00Z
-110.9948429,32.25044571,Open,2020-04-01T15:00:00Z
-84.576589,33.544171,Open,2020-04-01T15:00:00Z
-84.32654,34.02299,Closed,2020-04-01T15:00:00Z
-97.476926,35.464685,Open,2020-04-01T15:00:00Z
-84.008243,35.937906,Open,2020-04-01T15:00:00Z
-84.34351,33.83075,Closed,2020-04-01T15:00:00Z
-88.828974,35.666728,Open,2020-04-01T15:00:00Z
-84.43565229,39.26976282,Open,2020-04-01T15:00:00Z
-85.95804,39.296634,Closed,2020-04-01T15:00:00Z
-84.22771,33.75026,Open,2020-04-01T15:00:00Z
-77.62761,36.429993,Closed,2020-04-01T15:00:00Z
-111.9665807,33.37816459,Open,2020-04-01T15:00:00Z
-81.459197,28.484577,Open,2020-04-01T15:00:00Z
-84.60698,33.77964,Open,2020-04-01T15:00:00Z
-97.08511,32.83716,Open,2020-04-01T15:00:00Z
-82.318,34.775839,Closed,2020-04-01T15:00:00Z
-83.66344,32.87427,Open,2020-04-01T15:00:00Z
-88.126032,30.70421,Open,2020-04-01T15:00:00Z
-86.62576,34.734674,Open,2020-04-01T15:00:00Z
-79.795922,34.227265,Open,2020-04-01T15:00:00Z
-88.126713,30.64916,Open,2020-04-01T15:00:00Z
-80.95093,33.97152,Open,2020-04-01T15:00:00Z
-89.09256,30.42727,Open,2020-04-01T15:00:00Z
-80.02683,32.901371,Open,2020-04-01T15:00:00Z
-86.702433,33.533234,Open,2020-04-01T15:00:00Z
-97.21757,32.83159,Closed,2020-04-01T15:00:00Z
-85.83374,38.202281,Open,2020-04-01T15:00:00Z
-84.41219,33.57632,Open,2020-04-01T15:00:00Z
-96.594581,32.839767,Open,2020-04-01T15:00:00Z
-90.3446,38.730259,Open,2020-04-01T15:00:00Z
-97.46698,32.73853,Open,2020-04-01T15:00:00Z
-87.266513,33.847422,Closed,2020-04-01T15:00:00Z
-89.863046,35.167757,Open,2020-04-01T15:00:00Z
-86.90143255,36.12992486,Open,2020-04-01T15:00:00Z
-81.701798,30.188023,Open,2020-04-01T15:00:00Z
-83.47341,33.55182,Open,2020-04-01T15:00:00Z
-88.17079,30.574723,Open,2020-04-01T15:00:00Z
-83.311831,30.820299,Open,2020-04-01T15:00:00Z
-85.828709,38.283882,Closed,2020-04-01T15:00:00Z
-77.520164,37.611384,Open,2020-04-01T15:00:00Z
-78.746824,35.762565,Open,2020-04-01T15:00:00Z
-80.383055,36.03369,Closed,2020-04-01T15:00:00Z
-85.71787688,38.17956559,Open,2020-04-01T15:00:00Z
-81.40369034,28.43688472,Closed,2020-04-01T15:00:00Z
-80.98996529,34.97133012,Open,2020-04-01T15:00:00Z
-96.90121,32.93853,Closed,2020-04-01T15:00:00Z
-82.529624,35.587985,Open,2020-04-01T15:00:00Z
-82.46225,35.58431,Closed,2020-04-01T15:00:00Z
-82.07695,33.46803,Open,2020-04-01T15:00:00Z
-84.45144,33.46143,Open,2020-04-01T15:00:00Z
-81.652129,28.236822,Open,2020-04-01T15:00:00Z
-78.9562,35.0788,Closed,2020-04-01T15:00:00Z
-87.91244,30.64903,Open,2020-04-01T15:00:00Z
-94.72304416,32.44847339,Closed,2020-04-01T15:00:00Z
-97.42167,32.80991,Open,2020-04-01T15:00:00Z
-84.192583,39.819443,Open,2020-04-01T15:00:00Z
-81.475253,28.551839,Open,2020-04-01T15:00:00Z
-87.0497,30.61957,Open,2020-04-01T15:00:00Z
-78.69024,35.794068,Open,2020-04-01T15:00:00Z
-93.700877,32.527665,Open,2020-04-01T15:00:00Z
-90.12317814,38.76213975,Closed,2020-04-01T15:00:00Z
-97.26184,32.75964,Open,2020-04-01T15:00:00Z
-84.220317,39.688512,Closed,2020-04-01T15:00:00Z
-85.28068,35.018188,Open,2020-04-01T15:00:00Z
-82.680965,30.180372,Open,2020-04-01T15:00:00Z
-91.245301,30.450089,Open,2020-04-01T15:00:00Z
-82.927819,40.08062,Open,2020-04-01T15:00:00Z
-90.701269,38.80325,Closed,2020-04-01T15:00:00Z
-86.25026,39.72756,Open,2020-04-01T15:00:00Z
-87.261722,30.492999,Open,2020-04-01T15:00:00Z
-84.101281,39.86576,Open,2020-04-01T15:00:00Z
-85.936942,37.838962,Open,2020-04-01T15:00:00Z
-81.12961534,29.33456624,Closed,2020-04-01T15:00:00Z
-85.227637,35.012846,Open,2020-04-01T15:00:00Z
-93.070856,34.180166,Open,2020-04-01T15:00:00Z
-81.14047,34.068152,Open,2020-04-01T15:00:00Z
-83.09781631,39.97128472,Closed,2020-04-01T15:00:00Z
-85.77536,39.546701,Closed,2020-04-01T15:00:00Z
-86.80603,33.41043,Open,2020-04-01T15:00:00Z
-85.426276,31.248273,Open,2020-04-01T15:00:00Z
-84.07997019,40.75616566,Open,2020-04-01T15:00:00Z
-84.1848819,40.2879801,Closed,2020-04-01T15:00:00Z
-93.82744927,32.45971929,Open,2020-04-01T15:00:00Z
-79.96624,32.78114,Open,2020-04-01T15:00:00Z
-84.35208,33.81713,Closed,2020-04-01T15:00:00Z
-81.39032366,28.66513598,Open,2020-04-01T15:00:00Z
-84.24934,33.828778,Open,2020-04-01T15:00:00Z
-86.00944,39.79683,Open,2020-04-01T15:00:00Z
-84.58034,34.033839,Open,2020-04-01T15:00:00Z
-86.081395,39.614173,Closed,2020-04-01T15:00:00Z
-84.490592,33.845166,Open,2020-04-01T15:00:00Z
-84.34,33.58117,Open,2020-04-01T15:00:00Z
-82.712449,34.576249,Closed,2020-04-01T15:00:00Z
-88.890574,30.394334,Open,2020-04-01T15:00:00Z
-110.980824,32.206583,Closed,2020-04-01T15:00:00Z
-86.096866,39.665401,Closed,2020-04-01T15:00:00Z
-81.52422269,28.33311878,Closed,2020-04-01T15:00:00Z
-77.42258481,37.40176073,Open,2020-04-01T15:00:00Z
-92.59014,34.574836,Open,2020-04-01T15:00:00Z
-94.192108,36.054204,Open,2020-04-01T15:00:00Z
-85.65416,40.05449,Closed,2020-04-01T15:00:00Z
-82.41716,34.79274,Open,2020-04-01T15:00:00Z
-85.706572,37.988883,Closed,2020-04-01T15:00:00Z
-81.077213,33.934584,Open,2020-04-01T15:00:00Z
-84.147356,35.907575,Open,2020-04-01T15:00:00Z
-83.84391202,36.00946423,Open,2020-04-01T15:00:00Z
-80.92004,35.240125,Open,2020-04-01T15:00:00Z
-86.597645,35.998654,Open,2020-04-01T15:00:00Z
-81.333911,35.227203,Open,2020-04-01T15:00:00Z
-88.52718,30.43786,Open,2020-04-01T15:00:00Z
-82.502207,33.50993,Open,2020-04-01T15:00:00Z
-88.84127,30.450843,Open,2020-04-01T15:00:00Z
-86.864052,34.114829,Closed,2020-04-01T15:00:00Z
-86.70114,36.324565,Closed,2020-04-01T15:00:00Z
-86.7618,36.0849,Closed,2020-04-01T15:00:00Z
-80.848534,28.552636,Open,2020-04-01T15:00:00Z
-81.859866,34.504859,Closed,2020-04-01T15:00:00Z
-81.654875,30.429249,Open,2020-04-01T15:00:00Z
-84.4945,33.96344,Open,2020-04-01T15:00:00Z
-112.341283,33.455472,Open,2020-04-01T15:00:00Z
-86.826866,35.914613,Closed,2020-04-01T15:00:00Z
-86.7791585,36.2066757,Open,2020-04-01T15:00:00Z
-92.393485,34.754629,Open,2020-04-01T15:00:00Z
-84.314007,33.841317,Open,2020-04-01T15:00:00Z
-87.339946,36.023206,Open,2020-04-01T15:00:00Z
-84.50922,33.9297,Open,2020-04-01T15:00:00Z
-82.832022,39.926109,Closed,2020-04-01T15:00:00Z
-88.85456612,35.66045864,Open,2020-04-01T15:00:00Z
-77.817884,36.062261,Open,2020-04-01T15:00:00Z
-80.922364,35.112918,Closed,2020-04-01T15:00:00Z
-84.52059,39.087178,Open,2020-04-01T15:00:00Z
-82.234141,28.52345,Open,2020-04-01T15:00:00Z
-94.47895,37.050057,Open,2020-04-01T15:00:00Z
-82.159785,29.025713,Open,2020-04-01T15:00:00Z
-81.49862314,28.33300267,Closed,2020-04-01T15:00:00Z
-84.27858,35.827095,Open,2020-04-01T15:00:00Z
-92.419605,35.091804,Open,2020-04-01T15:00:00Z
-86.857175,36.151022,Closed,2020-04-01T15:00:00Z
-85.79183,38.684831,Closed,2020-04-01T15:00:00Z
-90.434464,38.75981,Closed,2020-04-01T15:00:00Z
-89.999726,34.990941,Open,2020-04-01T15:00:00Z
-105.004798,40.582275,Closed,2020-04-01T15:00:00Z
-82.007248,26.896023,Open,2020-04-01T15:00:00Z
-93.761643,30.122556,Closed,2020-04-01T15:00:00Z
-82.25775,34.858318,Open,2020-04-01T15:00:00Z
-86.431364,35.8482,Closed,2020-04-01T15:00:00Z
-81.05732,36.947705,Closed,2020-04-01T15:00:00Z
-82.022799,34.990629,Open,2020-04-01T15:00:00Z
-101.921164,35.188777,Closed,2020-04-01T15:00:00Z
-82.51079,29.801471,Closed,2020-04-01T15:00:00Z
-81.983575,30.283154,Open,2020-04-01T15:00:00Z
-83.68466,32.899308,Closed,2020-04-01T15:00:00Z
-82.382993,29.618134,Open,2020-04-01T15:00:00Z
-92.66748,37.650954,Closed,2020-04-01T15:00:00Z
-91.06450798,30.38389503,Open,2020-04-01T15:00:00Z
-82.04006,33.51167,Open,2020-04-01T15:00:00Z
-106.499324,35.068546,Closed,2020-04-01T15:00:00Z
-82.090187,28.872046,Open,2020-04-01T15:00:00Z
-84.208891,33.961043,Open,2020-04-01T15:00:00Z
-84.34933,33.98155,Open,2020-04-01T15:00:00Z
-84.29180851,39.5420688,Open,2020-04-01T15:00:00Z
-84.473625,33.619247,Open,2020-04-01T15:00:00Z
-85.12478,34.912602,Open,2020-04-01T15:00:00Z
-81.081457,29.176646,Open,2020-04-01T15:00:00Z
-86.95460557,36.08065529,Closed,2020-04-01T15:00:00Z
-85.15872,35.04262,Open,2020-04-01T15:00:00Z
-84.122937,33.353706,Open,2020-04-01T15:00:00Z
-86.27083533,32.36404542,Open,2020-04-01T15:00:00Z
-84.80157285,39.25908041,Closed,2020-04-01T15:00:00Z
-81.75236,26.330816,Open,2020-04-01T15:00:00Z
-82.477224,27.493102,Open,2020-04-01T15:00:00Z
-82.35611,28.005352,Open,2020-04-01T15:00:00Z
-96.617771,32.334194,Open,2020-04-01T15:00:00Z
-85.82463,37.716112,Closed,2020-04-01T15:00:00Z
-83.842565,33.617076,Open,2020-04-01T15:00:00Z
-84.20969,38.007229,Closed,2020-04-01T15:00:00Z
-84.51508,33.58558,Open,2020-04-01T15:00:00Z
-86.216701,32.359604,Open,2020-04-01T15:00:00Z
-84.65309,34.076061,Open,2020-04-01T15:00:00Z
-80.82609,33.555433,Open,2020-04-01T15:00:00Z
-84.1181,33.6991,Open,2020-04-01T15:00:00Z
-86.686115,36.153582,Open,2020-04-01T15:00:00Z
-87.205707,30.417023,Open,2020-04-01T15:00:00Z
-78.846366,38.433917,Open,2020-04-01T15:00:00Z
-81.49602084,30.06507888,Open,2020-04-01T15:00:00Z
-85.07429,34.890498,Closed,2020-04-01T15:00:00Z
-80.47513,33.48737,Open,2020-04-01T15:00:00Z
-84.5568,34.014383,Open,2020-04-01T15:00:00Z
-93.981203,29.938345,Open,2020-04-01T15:00:00Z
-96.04752713,36.07901605,Open,2020-04-01T15:00:00Z
-81.14674,35.269186,Open,2020-04-01T15:00:00Z
-79.03938,38.130464,Closed,2020-04-01T15:00:00Z
-84.315315,39.297049,Closed,2020-04-01T15:00:00Z
-83.272398,30.752605,Open,2020-04-01T15:00:00Z
-96.59583,32.78949,Open,2020-04-01T15:00:00Z
-85.044651,35.998307,Closed,2020-04-01T15:00:00Z
-104.979638,39.84937,Closed,2020-04-01T15:00:00Z
-80.792883,28.359513,Open,2020-04-01T15:00:00Z
-93.089792,34.444636,Closed,2020-04-01T15:00:00Z
-82.256433,34.718222,Open,2020-04-01T15:00:00Z
-86.56918,30.72237,Open,2020-04-01T15:00:00Z
-92.224131,34.714613,Open,2020-04-01T15:00:00Z
-84.52947,33.998294,Open,2020-04-01T15:00:00Z
-81.67393,33.664706,Open,2020-04-01T15:00:00Z
-81.471042,28.325519,Closed,2020-04-01T15:00:00Z
-84.646155,35.465022,Open,2020-04-01T15:00:00Z
-82.51286,27.527406,Open,2020-04-01T15:00:00Z
-95.763257,36.164306,Closed,2020-04-01T15:00:00Z
-87.22521083,36.52482591,Closed,2020-04-01T15:00:00Z
-84.603202,34.005072,Open,2020-04-01T15:00:00Z
-82.026817,33.409408,Open,2020-04-01T15:00:00Z
-83.873202,33.605394,Closed,2020-04-01T15:00:00Z
-85.38216,35.017274,Open,2020-04-01T15:00:00Z
-93.225684,37.179817,Closed,2020-04-01T15:00:00Z
-84.41177,33.96421,Closed,2020-04-01T15:00:00Z
-81.23278,33.955482,Open,2020-04-01T15:00:00Z
-83.76287,34.115669,Open,2020-04-01T15:00:00Z
-81.504559,28.37929,Closed,2020-04-01T15:00:00Z
-82.45550532,27.26926047,Closed,2020-04-01T15:00:00Z
-84.973623,33.041726,Open,2020-04-01T15:00:00Z
-84.59226,34.056233,Open,2020-04-01T15:00:00Z
-80.937776,34.084396,Open,2020-04-01T15:00:00Z
-86.18789,39.693426,Closed,2020-04-01T15:00:00Z
-82.08799,33.48239,Open,2020-04-01T15:00:00Z
-85.02922,32.98642,Open,2020-04-01T15:00:00Z
-85.133051,35.061556,Closed,2020-04-01T15:00:00Z
-82.350968,28.235818,Open,2020-04-01T15:00:00Z
-82.461201,34.774869,Open,2020-04-01T15:00:00Z
-76.252751,36.767402,Open,2020-04-01T15:00:00Z
-83.20496,35.946353,Open,2020-04-01T15:00:00Z
-84.45261848,38.07786066,Open,2020-04-01T15:00:00Z
-94.13583,30.067908,Closed,2020-04-01T15:00:00Z
-80.711961,32.879903,Open,2020-04-01T15:00:00Z
-84.940576,33.724349,Closed,2020-04-01T15:00:00Z
-80.603771,33.19458,Open,2020-04-01T15:00:00Z
-85.075722,35.083956,Open,2020-04-01T15:00:00Z
-86.46869,30.3865,Open,2020-04-01T15:00:00Z
-86.805409,33.414674,Closed,2020-04-01T15:00:00Z
-89.35015,31.359675,Closed,2020-04-01T15:00:00Z
-80.85968626,35.77145604,Open,2020-04-01T15:00:00Z
-83.220223,30.681215,Open,2020-04-01T15:00:00Z
-86.506983,30.39466,Closed,2020-04-01T15:00:00Z
-84.42959,33.65901,Open,2020-04-01T15:00:00Z
-83.985838,33.946346,Open,2020-04-01T15:00:00Z
-90.789428,35.031525,Open,2020-04-01T15:00:00Z
-90.327052,32.32894,Open,2020-04-01T15:00:00Z
-91.138276,38.823561,Closed,2020-04-01T15:00:00Z
-83.32647,30.84267,Open,2020-04-01T15:00:00Z
-89.35544,31.323919,Open,2020-04-01T15:00:00Z
-81.031492,34.744143,Open,2020-04-01T15:00:00Z
-80.87506,32.63235,Open,2020-04-01T15:00:00Z
-90.955634,30.457155,Open,2020-04-01T15:00:00Z
-84.530254,34.086389,Closed,2020-04-01T15:00:00Z
-84.31941,37.736096,Closed,2020-04-01T15:00:00Z
-91.198186,34.905383,Closed,2020-04-01T15:00:00Z
-84.021074,33.857011,Closed,2020-04-01T15:00:00Z
-84.29134,33.28088,Open,2020-04-01T15:00:00Z
-82.188023,29.148493,Open,2020-04-01T15:00:00Z
-86.121641,30.695845,Open,2020-04-01T15:00:00Z
-91.75858,32.456188,Open,2020-04-01T15:00:00Z
-84.46987837,33.92406746,Open,2020-04-01T15:00:00Z
-91.692656,35.250429,Closed,2020-04-01T15:00:00Z
-90.669758,35.809383,Open,2020-04-01T15:00:00Z
-82.00538,33.399077,Open,2020-04-01T15:00:00Z
-81.74090361,26.21056749,Open,2020-04-01T15:00:00Z
-84.128762,33.949688,Open,2020-04-01T15:00:00Z
-80.851167,35.305943,Open,2020-04-01T15:00:00Z
-86.758352,36.235758,Open,2020-04-01T15:00:00Z
-80.68817,34.192405,Open,2020-04-01T15:00:00Z
-84.08611736,36.16479298,Open,2020-04-01T15:00:00Z
-93.31035,37.24853,Closed,2020-04-01T15:00:00Z
-81.31335,35.711134,Open,2020-04-01T15:00:00Z
-80.152522,33.036743,Open,2020-04-01T15:00:00Z
-85.18773,35.054091,Open,2020-04-01T15:00:00Z
-85.371382,38.39719,Closed,2020-04-01T15:00:00Z
-85.385533,35.019387,Closed,2020-04-01T15:00:00Z
-80.48219,35.6434,Open,2020-04-01T15:00:00Z
-79.10293,36.057786,Closed,2020-04-01T15:00:00Z
-84.227409,33.506177,Closed,2020-04-01T15:00:00Z
-83.46134,34.251825,Open,2020-04-01T15:00:00Z
-83.372149,39.957842,Open,2020-04-01T15:00:00Z
-80.090734,33.000912,Open,2020-04-01T15:00:00Z
-82.691892,30.179667,Closed,2020-04-01T15:00:00Z
-81.23276,32.1105,Open,2020-04-01T15:00:00Z
-78.59837,35.816734,Open,2020-04-01T15:00:00Z
-84.003139,36.047286,Open,2020-04-01T15:00:00Z
-79.05181,34.621484,Closed,2020-04-01T15:00:00Z
-86.78056,33.333944,Open,2020-04-01T15:00:00Z
-82.20422,35.247389,Closed,2020-04-01T15:00:00Z
-78.8157,35.00557,Open,2020-04-01T15:00:00Z
-82.06208,32.377905,Open,2020-04-01T15:00:00Z
-91.00753737,30.43954741,Open,2020-04-01T15:00:00Z
-80.05217,32.93369,Closed,2020-04-01T15:00:00Z
-84.170299,34.003035,Open,2020-04-01T15:00:00Z
-82.122669,30.262603,Open,2020-04-01T15:00:00Z
-82.33408,34.811575,Closed,2020-04-01T15:00:00Z
-83.763011,31.176724,Open,2020-04-01T15:00:00Z
-90.456678,30.477968,Open,2020-04-01T15:00:00Z
-79.307395,34.50489,Closed,2020-04-01T15:00:00Z
-79.866593,34.157428,Open,2020-04-01T15:00:00Z
-86.57733,32.801087,Closed,2020-04-01T15:00:00Z
-86.93834,34.783197,Open,2020-04-01T15:00:00Z
-83.35841535,33.94800385,Open,2020-04-01T15:00:00Z
-84.31927,37.77666,Closed,2020-04-01T15:00:00Z
-80.27906554,36.1884869,Open,2020-04-01T15:00:00Z
-83.55072,34.512431,Closed,2020-04-01T15:00:00Z
-86.616238,33.639227,Closed,2020-04-01T15:00:00Z
-89.09743,30.43832,Open,2020-04-01T15:00:00Z
-89.14739,31.685752,Open,2020-04-01T15:00:00Z
-85.12345234,38.64935283,Closed,2020-04-01T15:00:00Z
-81.076629,34.015241,Open,2020-04-01T15:00:00Z
-83.88405,33.83348,Open,2020-04-01T15:00:00Z
-84.213563,36.298002,Open,2020-04-01T15:00:00Z
-90.49983,30.504208,Closed,2020-04-01T15:00:00Z
-83.968892,36.013218,Open,2020-04-01T15:00:00Z
-83.752416,32.447579,Closed,2020-04-01T15:00:00Z
-84.93833,32.484108,Open,2020-04-01T15:00:00Z
-84.54907,33.91883,Open,2020-04-01T15:00:00Z
-81.19393,32.187662,Open,2020-04-01T15:00:00Z
-83.477125,33.559662,Open,2020-04-01T15:00:00Z
-80.687976,32.928945,Open,2020-04-01T15:00:00Z
-83.3795,33.923055,Closed,2020-04-01T15:00:00Z
-86.657072,34.738659,Open,2020-04-01T15:00:00Z
-84.588922,33.395467,Open,2020-04-01T15:00:00Z
-91.05737726,30.43213324,Open,2020-04-01T15:00:00Z
-81.970888,34.98314,Open,2020-04-01T15:00:00Z
-85.01597,32.497212,Open,2020-04-01T15:00:00Z
-94.1835685,36.17449526,Closed,2020-04-01T15:00:00Z
-84.10712,31.57076,Open,2020-04-01T15:00:00Z
-79.38219,36.061711,Closed,2020-04-01T15:00:00Z
-86.351386,30.377749,Closed,2020-04-01T15:00:00Z
-90.00494,34.962506,Open,2020-04-01T15:00:00Z
-83.12299239,40.00224597,Closed,2020-04-01T15:00:00Z
-84.313663,33.888283,Open,2020-04-01T15:00:00Z
-84.594442,33.865028,Open,2020-04-01T15:00:00Z
-112.239187,33.465058,Open,2020-04-01T15:00:00Z
-87.28780952,36.59492755,Open,2020-04-01T15:00:00Z
-80.85724,35.594201,Open,2020-04-01T15:00:00Z
-86.389859,32.461303,Open,2020-04-01T15:00:00Z
-86.62556121,36.15400811,Open,2020-04-01T15:00:00Z
-81.79928124,26.5469082,Open,2020-04-01T15:00:00Z
-84.0124,34.097511,Closed,2020-04-01T15:00:00Z
-82.06222,33.42203,Open,2020-04-01T15:00:00Z
-84.22567862,40.02601161,Closed,2020-04-01T15:00:00Z
-83.201973,33.549058,Open,2020-04-01T15:00:00Z
-84.631532000000007,38.917408,Closed,2020-04-01T15:00:00Z
-85.35469,32.644407,Open,2020-04-01T15:00:00Z
-80.63252,27.99758,Open,2020-04-01T15:00:00Z
-86.2829,33.603128,Open,2020-04-01T15:00:00Z
-97.47981,32.76085,Closed,2020-04-01T15:00:00Z
-80.36341,36.262615,Closed,2020-04-01T15:00:00Z
-84.527623,34.102593,Open,2020-04-01T15:00:00Z
-85.153527,31.873048,Open,2020-04-01T15:00:00Z
-83.92359,33.03485,Open,2020-04-01T15:00:00Z
-92.82859,34.39329,Open,2020-04-01T15:00:00Z
-82.60015,34.630471,Open,2020-04-01T15:00:00Z
-86.65572332,36.30734927,Closed,2020-04-01T15:00:00Z
-80.27723,34.19628,Open,2020-04-01T15:00:00Z
-93.82040735,30.11393181,Open,2020-04-01T15:00:00Z
-86.519549,33.570904,Open,2020-04-01T15:00:00Z
-89.920604,35.075448,Open,2020-04-01T15:00:00Z
-82.03237,35.02592,Open,2020-04-01T15:00:00Z
-78.53805,35.375693,Closed,2020-04-01T15:00:00Z
-80.97439,32.478705,Open,2020-04-01T15:00:00Z
-84.32075,33.56233,Open,2020-04-01T15:00:00Z
-91.832716,30.313436,Open,2020-04-01T15:00:00Z
-82.25658,34.942544,Open,2020-04-01T15:00:00Z
-81.952064,28.09634,Open,2020-04-01T15:00:00Z
-86.68897951,36.21577351,Closed,2020-04-01T15:00:00Z
-81.739172,33.638365,Closed,2020-04-01T15:00:00Z
-80.69008,37.082212,Open,2020-04-01T15:00:00Z
-90.168405,32.303702,Open,2020-04-01T15:00:00Z
-92.03783042,30.2542478,Open,2020-04-01T15:00:00Z
-97.061237,32.692333,Open,2020-04-01T15:00:00Z
-86.33319,32.326678,Open,2020-04-01T15:00:00Z
-83.05329031,39.87821656,Open,2020-04-01T15:00:00Z
-80.24316,33.703403,Open,2020-04-01T15:00:00Z
-78.93353,35.910143,Closed,2020-04-01T15:00:00Z
-77.32489261,37.26279028,Open,2020-04-01T15:00:00Z
-86.66697264,36.14446975,Open,2020-04-01T15:00:00Z
-84.133187,34.179323,Open,2020-04-01T15:00:00Z
-84.14139,33.95379,Open,2020-04-01T15:00:00Z
-80.8556,34.097093,Open,2020-04-01T15:00:00Z
-87.68195,30.24931,Closed,2020-04-01T15:00:00Z
-86.514925,36.168494,Open,2020-04-01T15:00:00Z
-86.151491,34.199402,Open,2020-04-01T15:00:00Z
-92.14127,37.822226,Closed,2020-04-01T15:00:00Z
-86.86405,30.402206,Open,2020-04-01T15:00:00Z
-84.598503,38.682281,Closed,2020-04-01T15:00:00Z
-84.575973,33.817792,Open,2020-04-01T15:00:00Z
-83.72429,33.99155,Open,2020-04-01T15:00:00Z
-88.81434997,35.56417346,Closed,2020-04-01T15:00:00Z
-78.14762,35.58159,Open,2020-04-01T15:00:00Z
-84.67639,34.0782,Closed,2020-04-01T15:00:00Z
-86.416413,36.931966,Closed,2020-04-01T15:00:00Z
-97.313805,32.544351,Closed,2020-04-01T15:00:00Z
-86.819517,33.652325,Closed,2020-04-01T15:00:00Z
-92.717308,35.170669,Closed,2020-04-01T15:00:00Z
-81.26352,35.704687,Closed,2020-04-01T15:00:00Z
-84.31003,34.066383,Closed,2020-04-01T15:00:00Z
-85.827384,33.615254,Closed,2020-04-01T15:00:00Z
-86.715211,36.35108,Closed,2020-04-01T15:00:00Z
-92.387086,30.236434,Open,2020-04-01T15:00:00Z
-87.760007,30.647833,Open,2020-04-01T15:00:00Z
-81.79618716,26.68454163,Open,2020-04-01T15:00:00Z
-83.73106,32.8324,Open,2020-04-01T15:00:00Z
-82.31568,34.837178,Closed,2020-04-01T15:00:00Z
-94.18569,36.334712,Closed,2020-04-01T15:00:00Z
-81.285267,32.005849,Open,2020-04-01T15:00:00Z
-86.91722394,33.33685902,Open,2020-04-01T15:00:00Z
-79.836375,34.188309,Open,2020-04-01T15:00:00Z
-87.683585,30.375629,Open,2020-04-01T15:00:00Z
-85.70251,38.061507,Open,2020-04-01T15:00:00Z
-84.17322,34.15553,Open,2020-04-01T15:00:00Z
-84.53205,33.56699,Open,2020-04-01T15:00:00Z
-83.79985,34.2824,Open,2020-04-01T15:00:00Z
-84.88872,32.522608,Open,2020-04-01T15:00:00Z
-84.3149,30.48613,Open,2020-04-01T15:00:00Z
-81.0284,35.25269,Open,2020-04-01T15:00:00Z
-94.898937,29.823854,Open,2020-04-01T15:00:00Z
-93.13783,35.304466,Open,2020-04-01T15:00:00Z
-86.08729,35.497548,Closed,2020-04-01T15:00:00Z
-80.979082,34.214703,Open,2020-04-01T15:00:00Z
-84.77872,33.32542,Open,2020-04-01T15:00:00Z
-90.269803,32.289718,Open,2020-04-01T15:00:00Z
-84.09343933,35.92306234,Open,2020-04-01T15:00:00Z
-81.20865429,28.56691103,Open,2020-04-01T15:00:00Z
-76.189172,36.805149,Open,2020-04-01T15:00:00Z
-80.85442019,35.40831196,Open,2020-04-01T15:00:00Z
-84.061981,33.682604,Open,2020-04-01T15:00:00Z
-84.281203,33.922659,Open,2020-04-01T15:00:00Z
-84.111779,33.906299,Closed,2020-04-01T15:00:00Z
-84.2797,39.856709,Closed,2020-04-01T15:00:00Z
-81.14311,34.007553,Open,2020-04-01T15:00:00Z
-81.784651,32.435174,Closed,2020-04-01T15:00:00Z
-86.909485,34.53619,Closed,2020-04-01T15:00:00Z
-81.23398063,35.27919748,Closed,2020-04-01T15:00:00Z
-85.18585,30.725826,Open,2020-04-01T15:00:00Z
-94.982332,29.805748,Open,2020-04-01T15:00:00Z
-84.868961,35.212382,Open,2020-04-01T15:00:00Z
-84.37581,33.58099,Open,2020-04-01T15:00:00Z
-85.848772,35.240086,Closed,2020-04-01T15:00:00Z
-84.28018,33.7991,Open,2020-04-01T15:00:00Z
-79.0042,34.667903,Open,2020-04-01T15:00:00Z
-84.211353,33.921121,Closed,2020-04-01T15:00:00Z
-84.339214,33.861191,Open,2020-04-01T15:00:00Z
-80.22756,26.090223,Open,2020-04-01T15:00:00Z
-77.49853,38.243733,Open,2020-04-01T15:00:00Z
-84.57704,34.08775,Open,2020-04-01T15:00:00Z
-90.15288,32.35658,Open,2020-04-01T15:00:00Z
-87.596376,30.267602,Open,2020-04-01T15:00:00Z
-81.57654,34.31002,Closed,2020-04-01T15:00:00Z
-85.52783369,36.13903975,Open,2020-04-01T15:00:00Z
-85.53937,38.218947,Closed,2020-04-01T15:00:00Z
-82.98979,35.5033,Closed,2020-04-01T15:00:00Z
-84.26701492,39.35887288,Closed,2020-04-01T15:00:00Z
-86.71137,36.045417,Open,2020-04-01T15:00:00Z
-84.47734377,34.67674064,Open,2020-04-01T15:00:00Z
-81.763,32.439036,Open,2020-04-01T15:00:00Z
-84.460155,34.466032,Open,2020-04-01T15:00:00Z
-80.96144,34.095983,Open,2020-04-01T15:00:00Z
-92.157735,32.509006,Open,2020-04-01T15:00:00Z
-80.039923,32.990946,Open,2020-04-01T15:00:00Z
-84.045619,34.027677,Open,2020-04-01T15:00:00Z
-85.68379,30.765614,Open,2020-04-01T15:00:00Z
-92.66321,30.241004,Closed,2020-04-01T15:00:00Z
-89.76795,30.31114,Open,2020-04-01T15:00:00Z
-79.88961,36.058363,Open,2020-04-01T15:00:00Z
-86.72421646,36.13525924,Open,2020-04-01T15:00:00Z
-92.237279,34.797286,Open,2020-04-01T15:00:00Z
-106.621781,35.05612,Open,2020-04-01T15:00:00Z
-79.859072,32.841299,Open,2020-04-01T15:00:00Z
-84.95245,32.960831,Closed,2020-04-01T15:00:00Z
-94.38435,29.830714,Closed,2020-04-01T15:00:00Z
-83.864436,34.223251,Open,2020-04-01T15:00:00Z
-84.32148,34.874005,Open,2020-04-01T15:00:00Z
-85.077079,33.566278,Open,2020-04-01T15:00:00Z
-76.45879,37.095366,Open,2020-04-01T15:00:00Z
-87.784275,30.878853,Open,2020-04-01T15:00:00Z
-83.6676,32.786138,Open,2020-04-01T15:00:00Z
-84.63107,33.86757,Open,2020-04-01T15:00:00Z
-92.40715241,34.75016859,Open,2020-04-01T15:00:00Z
-97.21313,32.77772,Open,2020-04-01T15:00:00Z
-87.057585,35.596461,Closed,2020-04-01T15:00:00Z
-82.989467,40.088088,Open,2020-04-01T15:00:00Z
-81.19924,33.978661,Closed,2020-04-01T15:00:00Z
-89.668136,30.517482,Open,2020-04-01T15:00:00Z
-95.116554,29.502264,Closed,2020-04-01T15:00:00Z
-84.36318,30.47414,Open,2020-04-01T15:00:00Z
-80.04533,32.93624,Open,2020-04-01T15:00:00Z
-90.86372,32.328437,Open,2020-04-01T15:00:00Z
-87.37615,36.077598,Closed,2020-04-01T15:00:00Z
-85.17437823,34.3059809,Closed,2020-04-01T15:00:00Z
-81.710773,33.507107,Open,2020-04-01T15:00:00Z
-96.984936,32.673897,Open,2020-04-01T15:00:00Z
-85.0361,33.596247,Open,2020-04-01T15:00:00Z
-83.6062351,39.61736822,Closed,2020-04-01T15:00:00Z
-81.685849,26.155457,Open,2020-04-01T15:00:00Z
-95.86856934,36.06204644,Closed,2020-04-01T15:00:00Z
-84.5565,34.054908,Open,2020-04-01T15:00:00Z
-84.363112,33.515847,Open,2020-04-01T15:00:00Z
-90.035673,32.280344,Open,2020-04-01T15:00:00Z
-81.391295,31.16059,Open,2020-04-01T15:00:00Z
-81.98827,33.536467,Closed,2020-04-01T15:00:00Z
-85.65006,30.18295,Open,2020-04-01T15:00:00Z
-87.016568,35.636817,Open,2020-04-01T15:00:00Z
-84.173529,40.563723,Closed,2020-04-01T15:00:00Z
-95.03564143,29.40059368,Open,2020-04-01T15:00:00Z
-83.83445,33.599965,Open,2020-04-01T15:00:00Z
-88.100325,30.8024,Open,2020-04-01T15:00:00Z
-84.87216,33.16019,Open,2020-04-01T15:00:00Z
-77.39667,35.60376,Open,2020-04-01T15:00:00Z
-83.64325,34.152088,Open,2020-04-01T15:00:00Z
-97.146086,32.599903,Closed,2020-04-01T15:00:00Z
-85.751574,34.437036,Open,2020-04-01T15:00:00Z
-84.273744,33.775215,Closed,2020-04-01T15:00:00Z
-89.356576,30.313246,Closed,2020-04-01T15:00:00Z
-83.946469,30.857419,Open,2020-04-01T15:00:00Z
-94.50178019,39.13018108,Closed,2020-04-01T15:00:00Z
-81.11481,32.00931,Open,2020-04-01T15:00:00Z
-85.513206,38.243594,Closed,2020-04-01T15:00:00Z
-97.489044,35.232444,Closed,2020-04-01T15:00:00Z
-86.875404,34.205996,Open,2020-04-01T15:00:00Z
-80.06627,32.976556,Open,2020-04-01T15:00:00Z
-84.38203,33.857012,Closed,2020-04-01T15:00:00Z
-81.097426,33.952638,Open,2020-04-01T15:00:00Z
-77.49876191,38.34545723,Open,2020-04-01T15:00:00Z
-80.338442,36.071341,Open,2020-04-01T15:00:00Z
-82.551838,35.481243,Open,2020-04-01T15:00:00Z
-82.77552,36.18035,Open,2020-04-01T15:00:00Z
-83.11745,34.444663,Open,2020-04-01T15:00:00Z
-91.21686,30.4239,Open,2020-04-01T15:00:00Z
-84.7327,33.75095,Open,2020-04-01T15:00:00Z
-87.66717,34.712593,Open,2020-04-01T15:00:00Z
-97.48236,35.219079,Closed,2020-04-01T15:00:00Z
-84.3462,33.55745,Open,2020-04-01T15:00:00Z
-77.46845636,37.19532167,Open,2020-04-01T15:00:00Z
-78.137512,34.993599,Open,2020-04-01T15:00:00Z
-83.12359344,39.95250512,Open,2020-04-01T15:00:00Z
-97.202337,32.670092,Open,2020-04-01T15:00:00Z
-82.129948,33.478731,Open,2020-04-01T15:00:00Z
-90.44505,30.086957,Open,2020-04-01T15:00:00Z
-85.685983,35.043345,Open,2020-04-01T15:00:00Z
-83.68692,32.905787,Open,2020-04-01T15:00:00Z
-94.01565,30.13262,Closed,2020-04-01T15:00:00Z
-81.58064,31.139118,Open,2020-04-01T15:00:00Z
-86.64473355,33.59718485,Open,2020-04-01T15:00:00Z
-80.801391,34.733382,Closed,2020-04-01T15:00:00Z
-85.503405,32.563362,Open,2020-04-01T15:00:00Z
-89.37784,30.37477,Open,2020-04-01T15:00:00Z
-86.231748,35.384948,Closed,2020-04-01T15:00:00Z
-77.81624,35.966119,Open,2020-04-01T15:00:00Z
-77.32578,38.581897,Open,2020-04-01T15:00:00Z
-84.31799,34.02026,Open,2020-04-01T15:00:00Z
-85.401503,31.191598,Open,2020-04-01T15:00:00Z
-84.31461451,33.92360642,Open,2020-04-01T15:00:00Z
-87.222052,30.502179,Open,2020-04-01T15:00:00Z
-81.598865,30.245323,Open,2020-04-01T15:00:00Z
-85.249593,34.953757,Open,2020-04-01T15:00:00Z
-85.817039,30.183637,Closed,2020-04-01T15:00:00Z
-97.045651,32.678262,Open,2020-04-01T15:00:00Z
-84.539843,38.220186,Closed,2020-04-01T15:00:00Z
-84.135699,39.872816,Closed,2020-04-01T15:00:00Z
-92.156657,32.503333,Closed,2020-04-01T15:00:00Z
-86.44147395,35.84590852,Open,2020-04-01T15:00:00Z
-86.126611,38.236528,Closed,2020-04-01T15:00:00Z
-77.99687,34.233395,Open,2020-04-01T15:00:00Z
-82.830144,39.937074,Open,2020-04-01T15:00:00Z
-82.22487,34.94893,Open,2020-04-01T15:00:00Z
-84.140081,33.896526,Open,2020-04-01T15:00:00Z
-84.5532,38.015268,Closed,2020-04-01T15:00:00Z
-84.276155,33.548644,Open,2020-04-01T15:00:00Z
-81.446435,31.393855,Closed,2020-04-01T15:00:00Z
-83.76589,32.879227,Open,2020-04-01T15:00:00Z
-84.36815,33.83714,Open,2020-04-01T15:00:00Z
-84.22447,34.045743,Open,2020-04-01T15:00:00Z
-77.89264,34.141442,Closed,2020-04-01T15:00:00Z
-86.598235,30.397367,Open,2020-04-01T15:00:00Z
-104.984198,40.160874,Closed,2020-04-01T15:00:00Z
-87.31468,30.5201,Open,2020-04-01T15:00:00Z
-84.42488109,39.84528139,Closed,2020-04-01T15:00:00Z
-83.34712505,36.19674119,Closed,2020-04-01T15:00:00Z
-92.066132,30.242515,Open,2020-04-01T15:00:00Z
-85.542568,38.301011,Open,2020-04-01T15:00:00Z
-84.7445,33.39689,Open,2020-04-01T15:00:00Z
-84.03632,34.364685,Open,2020-04-01T15:00:00Z
-80.390005,33.95638,Open,2020-04-01T15:00:00Z
-82.43588,34.95962,Open,2020-04-01T15:00:00Z
-88.94251,30.39362,Open,2020-04-01T15:00:00Z
-83.6822,32.618602,Open,2020-04-01T15:00:00Z
-92.203419,34.814768,Closed,2020-04-01T15:00:00Z
-84.16514,33.409072,Open,2020-04-01T15:00:00Z
-97.53028,35.609188,Open,2020-04-01T15:00:00Z
-81.20108,32.071875,Open,2020-04-01T15:00:00Z
-96.63718,33.210598,Closed,2020-04-01T15:00:00Z
-85.5038,36.133031,Closed,2020-04-01T15:00:00Z
-89.765929,30.250523,Closed,2020-04-01T15:00:00Z
-78.81952,35.858814,Open,2020-04-01T15:00:00Z
-86.522318,33.564141,Closed,2020-04-01T15:00:00Z
-86.693121,36.08727,Open,2020-04-01T15:00:00Z
-83.74315,32.66027,Closed,2020-04-01T15:00:00Z
-85.246589,35.185537,Closed,2020-04-01T15:00:00Z
-84.013814,33.637713,Open,2020-04-01T15:00:00Z
-92.38241347,34.88482577,Closed,2020-04-01T15:00:00Z
-85.888259,30.230469,Open,2020-04-01T15:00:00Z
-87.517294,30.281987,Closed,2020-04-01T15:00:00Z
-82.050292,27.017327,Open,2020-04-01T15:00:00Z
-82.60142,34.81745,Open,2020-04-01T15:00:00Z
-95.645548,29.785721,Open,2020-04-01T15:00:00Z
-88.787867,30.413174,Closed,2020-04-01T15:00:00Z
-83.77258436,36.00574178,Closed,2020-04-01T15:00:00Z
-104.985786,39.566571,Closed,2020-04-01T15:00:00Z
-84.91671,34.377455,Open,2020-04-01T15:00:00Z
-84.50680237,38.076761,Closed,2020-04-01T15:00:00Z
-84.529388,33.87234,Open,2020-04-01T15:00:00Z
-84.754082,33.892477,Open,2020-04-01T15:00:00Z
-76.39046809,37.04114381,Open,2020-04-01T15:00:00Z
-84.301406,33.381931,Open,2020-04-01T15:00:00Z
-96.73953,32.94017,Open,2020-04-01T15:00:00Z
-88.206648,30.560252,Open,2020-04-01T15:00:00Z
-85.579355,38.22536,Closed,2020-04-01T15:00:00Z
-84.08776,34.253527,Open,2020-04-01T15:00:00Z
-89.856555,34.963152,Closed,2020-04-01T15:00:00Z
-84.73713,33.72906,Open,2020-04-01T15:00:00Z
-77.88106,34.244535,Open,2020-04-01T15:00:00Z
-83.34244637,40.2404898,Closed,2020-04-01T15:00:00Z
-80.9856,34.914669,Open,2020-04-01T15:00:00Z
-90.357978,38.485899,Closed,2020-04-01T15:00:00Z
-80.346639,26.061395,Open,2020-04-01T15:00:00Z
-80.66135,35.085079,Closed,2020-04-01T15:00:00Z
-82.93386445,40.2667348,Closed,2020-04-01T15:00:00Z
-82.38820747,36.31315835,Open,2020-04-01T15:00:00Z
-79.95744,35.90511,Closed,2020-04-01T15:00:00Z
-84.35795,34.08318,Closed,2020-04-01T15:00:00Z
-96.469976,32.898385,Closed,2020-04-01T15:00:00Z
-84.93065,34.764064,Open,2020-04-01T15:00:00Z
-84.62387,33.947151,Open,2020-04-01T15:00:00Z
-84.22279,31.61674,Open,2020-04-01T15:00:00Z
-90.492051,38.771894,Closed,2020-04-01T15:00:00Z
-80.62025,36.474807,Closed,2020-04-01T15:00:00Z
-84.32509,33.450242,Open,2020-04-01T15:00:00Z
-84.03437,33.93895,Open,2020-04-01T15:00:00Z
-78.975644,35.043937,Open,2020-04-01T15:00:00Z
-93.37627429,30.21363891,Open,2020-04-01T15:00:00Z
-93.630767,32.54973,Closed,2020-04-01T15:00:00Z
-88.706317,34.314752,Closed,2020-04-01T15:00:00Z
-77.47436,37.934746,Open,2020-04-01T15:00:00Z
-86.665639,33.415323,Open,2020-04-01T15:00:00Z
-82.60521,35.530716,Closed,2020-04-01T15:00:00Z
-84.56363,37.900933,Closed,2020-04-01T15:00:00Z
-84.04291,33.811125,Open,2020-04-01T15:00:00Z
-84.644707,38.983215,Closed,2020-04-01T15:00:00Z
-84.41673,33.65879,Open,2020-04-01T15:00:00Z
-84.19104,34.01662,Open,2020-04-01T15:00:00Z
-84.67737,34.034177,Open,2020-04-01T15:00:00Z
-77.63302,36.431547,Open,2020-04-01T15:00:00Z
-80.85833,35.088099,Open,2020-04-01T15:00:00Z
-88.978406,30.391319,Open,2020-04-01T15:00:00Z
-86.41552,30.48281,Closed,2020-04-01T15:00:00Z
-90.4076965,38.21317695,Closed,2020-04-01T15:00:00Z
-93.325934,30.211919,Closed,2020-04-01T15:00:00Z
-94.043494,33.473603,Open,2020-04-01T15:00:00Z
-84.20085,33.83776,Open,2020-04-01T15:00:00Z
-94.06828174,33.4687568,Open,2020-04-01T15:00:00Z
-85.780751,35.699983,Open,2020-04-01T15:00:00Z
-78.576877,35.798085,Open,2020-04-01T15:00:00Z
-85.44458,32.62565,Open,2020-04-01T15:00:00Z
-82.339922,34.846767,Open,2020-04-01T15:00:00Z
-78.98116,35.17933,Open,2020-04-01T15:00:00Z
-94.4952437,39.16830719,Open,2020-04-01T15:00:00Z
-87.40958,36.580126,Closed,2020-04-01T15:00:00Z
-88.17009,30.586361,Closed,2020-04-01T15:00:00Z
-101.905816,35.117043,Closed,2020-04-01T15:00:00Z
-84.079356,39.774918,Open,2020-04-01T15:00:00Z
-84.41589,33.80063,Open,2020-04-01T15:00:00Z
-83.628042,32.594114,Open,2020-04-01T15:00:00Z
-82.274884,34.819551,Open,2020-04-01T15:00:00Z
-78.950163,36.021388,Open,2020-04-01T15:00:00Z
-80.819249,36.239536,Closed,2020-04-01T15:00:00Z
-86.77945,36.04097,Closed,2020-04-01T15:00:00Z
-84.48482,33.448872,Open,2020-04-01T15:00:00Z
-86.203483,34.276909,Open,2020-04-01T15:00:00Z
-83.81684,34.263539,Closed,2020-04-01T15:00:00Z
-90.07326,32.27359,Open,2020-04-01T15:00:00Z
-84.19276394,39.89129296,Closed,2020-04-01T15:00:00Z
-87.55132,33.1648,Open,2020-04-01T15:00:00Z
-97.78854,32.728274,Closed,2020-04-01T15:00:00Z
-77.343852,37.517836,Open,2020-04-01T15:00:00Z
-84.316072,30.448581,Open,2020-04-01T15:00:00Z
-88.65999,30.3927,Open,2020-04-01T15:00:00Z
-83.44784,33.913939,Open,2020-04-01T15:00:00Z
-80.70228,32.44105,Open,2020-04-01T15:00:00Z
-85.247871,35.139765,Open,2020-04-01T15:00:00Z
-96.82351,32.61921,Open,2020-04-01T15:00:00Z
-82.06314,33.45154,Open,2020-04-01T15:00:00Z
-84.037589,33.963833,Open,2020-04-01T15:00:00Z
-86.230191,32.420278,Closed,2020-04-01T15:00:00Z
-78.165579,39.164994,Open,2020-04-01T15:00:00Z
-82.97758,34.69311,Open,2020-04-01T15:00:00Z
-84.064803,33.840127,Open,2020-04-01T15:00:00Z
-81.178815,34.099816,Open,2020-04-01T15:00:00Z
-84.26775,34.06873,Open,2020-04-01T15:00:00Z
-77.99916,35.763038,Closed,2020-04-01T15:00:00Z
-93.225625,30.237489,Closed,2020-04-01T15:00:00Z
-83.26458,36.220976,Open,2020-04-01T15:00:00Z
-85.806028,30.177733,Open,2020-04-01T15:00:00Z
-89.8026,35.115196,Open,2020-04-01T15:00:00Z
-95.03464422,29.65184902,Open,2020-04-01T15:00:00Z
-77.46022,37.638296,Open,2020-04-01T15:00:00Z
-82.10325,34.91009,Open,2020-04-01T15:00:00Z
-82.963847,30.329722,Open,2020-04-01T15:00:00Z
-81.58154,31.851816,Open,2020-04-01T15:00:00Z
-83.69209,34.395171,Open,2020-04-01T15:00:00Z
-92.343714,34.676248,Open,2020-04-01T15:00:00Z
-111.8400856,33.38176751,Open,2020-04-01T15:00:00Z
-85.26172,33.686889,Closed,2020-04-01T15:00:00Z
-86.397144,35.807403,Open,2020-04-01T15:00:00Z
-86.49277,35.974142,Open,2020-04-01T15:00:00Z
-84.58186,33.91883,Open,2020-04-01T15:00:00Z
-94.45959,39.24505,Closed,2020-04-01T15:00:00Z
-84.07623,34.06181,Closed,2020-04-01T15:00:00Z
-96.276892,32.704486,Closed,2020-04-01T15:00:00Z
-88.33481,30.49913,Open,2020-04-01T15:00:00Z
-80.072388,35.86487,Closed,2020-04-01T15:00:00Z
-94.15413,30.039647,Closed,2020-04-01T15:00:00Z
-86.558442,36.669783,Closed,2020-04-01T15:00:00Z
-82.74966791,27.73925945,Closed,2020-04-01T15:00:00Z
-93.27794,37.138681,Closed,2020-04-01T15:00:00Z
-84.463824,34.2588,Closed,2020-04-01T15:00:00Z
-83.078501,39.900922,Closed,2020-04-01T15:00:00Z
-88.89299,30.42982,Open,2020-04-01T15:00:00Z
-89.73745003,35.22465842,Closed,2020-04-01T15:00:00Z
-78.57003,35.603396,Open,2020-04-01T15:00:00Z
-90.862899,30.473333,Open,2020-04-01T15:00:00Z
-86.09373536,35.20508993,Closed,2020-04-01T15:00:00Z
-82.427909,36.374394,Open,2020-04-01T15:00:00Z
-77.4657,37.758476,Closed,2020-04-01T15:00:00Z
-81.35716309,28.45103517,Open,2020-04-01T15:00:00Z
-78.50321636,38.01157367,Open,2020-04-01T15:00:00Z
-76.18613,36.881414,Open,2020-04-01T15:00:00Z
-77.593743,37.4402,Open,2020-04-01T15:00:00Z
-85.21096,32.819703,Open,2020-04-01T15:00:00Z
-101.884278,35.18975,Closed,2020-04-01T15:00:00Z
-95.815689,36.074363,Closed,2020-04-01T15:00:00Z
-84.33314,39.439499,Closed,2020-04-01T15:00:00Z
-85.59088,30.153941,Open,2020-04-01T15:00:00Z
-82.14986802,28.02544779,Open,2020-04-01T15:00:00Z
-94.76589,39.352684000000004,Closed,2020-04-01T15:00:00Z
-96.89108,32.86162,Open,2020-04-01T15:00:00Z
-81.89961,33.504258,Open,2020-04-01T15:00:00Z
-83.985651,33.670176,Open,2020-04-01T15:00:00Z
-84.214518,40.151674,Closed,2020-04-01T15:00:00Z
-82.62024948,36.55288432,Closed,2020-04-01T15:00:00Z
-84.39559323,39.34644877,Closed,2020-04-01T15:00:00Z
-94.827453,29.268354,Open,2020-04-01T15:00:00Z
-93.70699205,32.51845551,Closed,2020-04-01T15:00:00Z
-81.96159,35.017318,Open,2020-04-01T15:00:00Z
-80.3745,33.94781,Open,2020-04-01T15:00:00Z
-84.50395,34.221872,Open,2020-04-01T15:00:00Z
-83.67167514,41.05856204,Closed,2020-04-01T15:00:00Z
-86.67759359,36.46895154,Closed,2020-04-01T15:00:00Z
-87.084326,30.387638,Closed,2020-04-01T15:00:00Z
-83.54557619,34.54455941,Open,2020-04-01T15:00:00Z
-86.00437,33.99764,Open,2020-04-01T15:00:00Z
-80.6087656,28.35253872,Closed,2020-04-01T15:00:00Z
-77.82754,34.263295,Closed,2020-04-01T15:00:00Z
-84.29547,34.0373,Closed,2020-04-01T15:00:00Z
-87.272258,30.533045,Open,2020-04-01T15:00:00Z
-82.16246,34.895858,Open,2020-04-01T15:00:00Z
-77.731624,39.689562,Open,2020-04-01T15:00:00Z
-78.213529,39.080574,Closed,2020-04-01T15:00:00Z
-82.771653,27.771958,Open,2020-04-01T15:00:00Z
-88.54945,30.37098,Open,2020-04-01T15:00:00Z
-78.47365,35.79982,Closed,2020-04-01T15:00:00Z
-89.792194,35.20543144,Closed,2020-04-01T15:00:00Z
-81.21837,33.99838,Open,2020-04-01T15:00:00Z
-92.498789,34.620676,Open,2020-04-01T15:00:00Z
-94.6817,39.090001,Open,2020-04-01T15:00:00Z
-81.392738,30.287898,Open,2020-04-01T15:00:00Z
-82.31506297,27.92335183,Open,2020-04-01T15:00:00Z
-85.78795,33.61352,Open,2020-04-01T15:00:00Z
-87.636888,34.82864,Closed,2020-04-01T15:00:00Z
-82.502518,33.514027,Open,2020-04-01T15:00:00Z
-84.55315,38.274323,Closed,2020-04-01T15:00:00Z
-92.310299,34.76213,Closed,2020-04-01T15:00:00Z
-84.25522602,36.00653408,Open,2020-04-01T15:00:00Z
-85.7577925,38.39678268,Closed,2020-04-01T15:00:00Z
-86.79495,33.348473,Closed,2020-04-01T15:00:00Z
-84.278609,33.991254,Closed,2020-04-01T15:00:00Z
-87.90601,30.65532,Closed,2020-04-01T15:00:00Z
-78.83832,35.711378,Closed,2020-04-01T15:00:00Z
-84.252289,32.06702,Closed,2020-04-01T15:00:00Z
-77.394058,34.778086,Open,2020-04-01T15:00:00Z
-81.505608,31.245402,Open,2020-04-01T15:00:00Z
-84.28418,33.19463,Open,2020-04-01T15:00:00Z
-83.74444,33.795964,Open,2020-04-01T15:00:00Z
-80.56113,35.49747,Closed,2020-04-01T15:00:00Z
-84.65462,34.0819,Open,2020-04-01T15:00:00Z
-78.87999,35.11625,Open,2020-04-01T15:00:00Z
-88.22546,30.67868,Open,2020-04-01T15:00:00Z
-91.91591838,30.29394144,Open,2020-04-01T15:00:00Z
-82.85079,35.55228,Closed,2020-04-01T15:00:00Z
-93.9342,29.935965,Closed,2020-04-01T15:00:00Z
-85.151038,33.688344,Open,2020-04-01T15:00:00Z
-80.43409035,25.10049953,Closed,2020-04-01T15:00:00Z
-91.910682,35.068968,Closed,2020-04-01T15:00:00Z
-79.41152,37.803333,Closed,2020-04-01T15:00:00Z
-89.792284,35.188251,Open,2020-04-01T15:00:00Z
-84.961964,34.801277,Open,2020-04-01T15:00:00Z
-89.99754,34.93404,Closed,2020-04-01T15:00:00Z
-87.46998,33.176588,Open,2020-04-01T15:00:00Z
-85.38851,31.256202,Open,2020-04-01T15:00:00Z
-80.8354,35.341087,Open,2020-04-01T15:00:00Z
-81.325462,34.176243,Closed,2020-04-01T15:00:00Z
-92.06105,34.946177,Open,2020-04-01T15:00:00Z
-81.416352,28.305665,Open,2020-04-01T15:00:00Z
-94.128263,39.012152,Closed,2020-04-01T15:00:00Z
-90.39172,38.41672,Closed,2020-04-01T15:00:00Z
-95.57488487,29.73677559,Open,2020-04-01T15:00:00Z
-94.79549198,38.88365223,Closed,2020-04-01T15:00:00Z
-88.54423,34.930838,Closed,2020-04-01T15:00:00Z
-75.805584,39.635596,Open,2020-04-01T15:00:00Z
-78.481082,38.074396,Closed,2020-04-01T15:00:00Z
-86.89473213,35.64285724,Closed,2020-04-01T15:00:00Z
-77.41587,34.7609,Closed,2020-04-01T15:00:00Z
-79.27357,36.073722,Open,2020-04-01T15:00:00Z
-85.55065,30.75232,Open,2020-04-01T15:00:00Z
-77.730058,39.600497,Closed,2020-04-01T15:00:00Z
-78.958161,35.08011,Open,2020-04-01T15:00:00Z
-82.00685,34.555169,Open,2020-04-01T15:00:00Z
-84.41584474,38.01854388,Closed,2020-04-01T15:00:00Z
-84.09283,33.976988,Open,2020-04-01T15:00:00Z
-87.003984,33.366589,Open,2020-04-01T15:00:00Z
-97.29063,32.83572,Open,2020-04-01T15:00:00Z
-81.66348,30.792714,Closed,2020-04-01T15:00:00Z
-83.96769,34.469371,Open,2020-04-01T15:00:00Z
-86.419385,30.389262,Closed,2020-04-01T15:00:00Z
-84.57125,33.95187,Closed,2020-04-01T15:00:00Z
-84.45626,33.434342,Closed,2020-04-01T15:00:00Z
-96.84098,32.42065,Open,2020-04-01T15:00:00Z
-112.1163873,33.68382238,Closed,2020-04-01T15:00:00Z
-84.47022,39.010564,Closed,2020-04-01T15:00:00Z
-84.761013,33.730082,Closed,2020-04-01T15:00:00Z
-81.89537,35.022177,Open,2020-04-01T15:00:00Z
-95.719234,29.788454,Closed,2020-04-01T15:00:00Z
-83.43625,36.036668,Open,2020-04-01T15:00:00Z
-83.3579,30.398623,Open,2020-04-01T15:00:00Z
-88.899071,30.456702,Closed,2020-04-01T15:00:00Z
-87.176181,30.592119,Open,2020-04-01T15:00:00Z
-77.41136281,37.25842238,Open,2020-04-01T15:00:00Z
-76.409091,36.864416,Open,2020-04-01T15:00:00Z
-101.869558,35.163999,Closed,2020-04-01T15:00:00Z
-92.192025,32.514344,Closed,2020-04-01T15:00:00Z
-90.12439,32.15495,Open,2020-04-01T15:00:00Z
-82.12571,33.534992,Open,2020-04-01T15:00:00Z
-91.19817,29.699251,Open,2020-04-01T15:00:00Z
-86.809705,33.29887,Closed,2020-04-01T15:00:00Z
-84.818549,34.206494,Open,2020-04-01T15:00:00Z
-88.84374,30.458126,Open,2020-04-01T15:00:00Z
-90.87211,38.811231,Closed,2020-04-01T15:00:00Z
-86.46064629,36.3822901,Closed,2020-04-01T15:00:00Z
-90.78325445,29.68153302,Closed,2020-04-01T15:00:00Z
-77.09378,35.099924,Closed,2020-04-01T15:00:00Z
-86.313668,34.336708,Closed,2020-04-01T15:00:00Z
-91.027557,30.348542,Open,2020-04-01T15:00:00Z
-84.49582626,37.98314643,Closed,2020-04-01T15:00:00Z
-93.465725,35.453932,Closed,2020-04-01T15:00:00Z
-88.53128,30.446232,Closed,2020-04-01T15:00:00Z
-86.964737,30.621041,Open,2020-04-01T15:00:00Z
-78.401978,33.973861,Open,2020-04-01T15:00:00Z
-89.99844,32.2774,Open,2020-04-01T15:00:00Z
-110.916343,32.163516,Open,2020-04-01T15:00:00Z
-86.527315,34.77476,Open,2020-04-01T15:00:00Z
-81.00306,34.30773,Open,2020-04-01T15:00:00Z
-96.30704,32.73724,Closed,2020-04-01T15:00:00Z
-83.62519,41.374393,Closed,2020-04-01T15:00:00Z
-94.88263,39.097703,Closed,2020-04-01T15:00:00Z
-81.280643,28.873023,Closed,2020-04-01T15:00:00Z
-86.410292,36.189702,Closed,2020-04-01T15:00:00Z
-77.132955,40.23471,Closed,2020-04-01T15:00:00Z
-90.47553,38.805805,Closed,2020-04-01T15:00:00Z
-79.3715,34.439,Open,2020-04-01T15:00:00Z
-77.96509,35.397114,Closed,2020-04-01T15:00:00Z
-84.696286,33.446572,Open,2020-04-01T15:00:00Z
-90.83718,32.344056,Open,2020-04-01T15:00:00Z
-85.666623,38.086684,Closed,2020-04-01T15:00:00Z
-77.809188,39.603597,Closed,2020-04-01T15:00:00Z
-83.98741,34.067734,Closed,2020-04-01T15:00:00Z
-84.72421,33.93383,Open,2020-04-01T15:00:00Z
-83.24622,33.0997,Open,2020-04-01T15:00:00Z
-80.25888,36.053245,Open,2020-04-01T15:00:00Z
-97.32312,32.577277,Open,2020-04-01T15:00:00Z
-86.539,34.672915,Closed,2020-04-01T15:00:00Z
-85.649677,30.220458,Open,2020-04-01T15:00:00Z
-84.621543,38.858654,Closed,2020-04-01T15:00:00Z
-84.45409,38.008092,Closed,2020-04-01T15:00:00Z
-93.09506,35.281641,Closed,2020-04-01T15:00:00Z
-82.956702,32.541857,Open,2020-04-01T15:00:00Z
-85.94781,36.181887,Closed,2020-04-01T15:00:00Z
-84.250111,30.507236,Open,2020-04-01T15:00:00Z
-94.501015,38.812113,Closed,2020-04-01T15:00:00Z
-84.034579,34.361063,Open,2020-04-01T15:00:00Z
-81.7031,35.07939,Open,2020-04-01T15:00:00Z
-95.806012,29.531645,Closed,2020-04-01T15:00:00Z
-83.400124,34.871078,Closed,2020-04-01T15:00:00Z
-81.21865,31.985738,Open,2020-04-01T15:00:00Z
-84.7076,39.0779,Open,2020-04-01T15:00:00Z
-90.443991,38.715309,Open,2020-04-01T15:00:00Z
-87.339882,30.402917,Open,2020-04-01T15:00:00Z
-88.933672,30.447499,Open,2020-04-01T15:00:00Z
-97.31673,32.861,Open,2020-04-01T15:00:00Z
-97.103573,32.865368,Closed,2020-04-01T15:00:00Z
-93.862968,32.44977,Open,2020-04-01T15:00:00Z
-80.914795,34.138991,Open,2020-04-01T15:00:00Z
-80.88026,35.482182,Closed,2020-04-01T15:00:00Z
-88.047218,30.870063,Open,2020-04-01T15:00:00Z
-86.357313,32.268719,Open,2020-04-01T15:00:00Z
-93.348405,37.213348,Closed,2020-04-01T15:00:00Z
-94.38814,35.297614,Closed,2020-04-01T15:00:00Z
-83.212938,35.377136,Open,2020-04-01T15:00:00Z
-90.45256,30.43768,Closed,2020-04-01T15:00:00Z
-95.422912,30.022807,Open,2020-04-01T15:00:00Z
-77.9873,39.444545,Closed,2020-04-01T15:00:00Z
-84.95417,32.54251,Open,2020-04-01T15:00:00Z
-78.89565,35.01832,Open,2020-04-01T15:00:00Z
-94.17009937,30.13342175,Open,2020-04-01T15:00:00Z
-78.685455,33.824245,Closed,2020-04-01T15:00:00Z
-86.41085,32.487647,Open,2020-04-01T15:00:00Z
-86.80454,33.608409,Open,2020-04-01T15:00:00Z
-82.8109,32.98149,Open,2020-04-01T15:00:00Z
-84.16231,30.48346,Closed,2020-04-01T15:00:00Z
-97.234014,33.014862,Closed,2020-04-01T15:00:00Z
-76.19298,40.02243942,Closed,2020-04-01T15:00:00Z
-85.579666,38.135101,Closed,2020-04-01T15:00:00Z
-82.19998,33.486006,Open,2020-04-01T15:00:00Z
-88.32771,37.003675,Closed,2020-04-01T15:00:00Z
-76.247451,39.478452,Open,2020-04-01T15:00:00Z
-76.82445831,40.27843833,Closed,2020-04-01T15:00:00Z
-83.31636,35.462173,Closed,2020-04-01T15:00:00Z
-95.23556107,29.6275472,Open,2020-04-01T15:00:00Z
-80.1639,32.95227,Open,2020-04-01T15:00:00Z
-77.94479,35.374534,Open,2020-04-01T15:00:00Z
-84.336438,33.571525,Closed,2020-04-01T15:00:00Z
-90.755482,29.61292,Open,2020-04-01T15:00:00Z
-84.11675759,37.14918374,Open,2020-04-01T15:00:00Z
-90.25963,32.18551,Open,2020-04-01T15:00:00Z
-87.88571,30.51433,Open,2020-04-01T15:00:00Z
-77.35591533,37.61079183,Closed,2020-04-01T15:00:00Z
-82.82933523,39.98104848,Open,2020-04-01T15:00:00Z
-81.743774,33.565218,Open,2020-04-01T15:00:00Z
-80.383771,27.4177,Open,2020-04-01T15:00:00Z
-81.235292,32.139254,Open,2020-04-01T15:00:00Z
-84.17609,34.163141,Open,2020-04-01T15:00:00Z
-85.641571,31.439044,Open,2020-04-01T15:00:00Z
-83.63658846,41.5293704,Closed,2020-04-01T15:00:00Z
-80.943344,33.965684,Open,2020-04-01T15:00:00Z
-87.08715,30.53159,Closed,2020-04-01T15:00:00Z
-94.377676,38.941453,Closed,2020-04-01T15:00:00Z
-83.290089,33.1843,Open,2020-04-01T15:00:00Z
-94.47553,37.133566,Closed,2020-04-01T15:00:00Z
-77.95724,39.486688,Closed,2020-04-01T15:00:00Z
-88.51561,30.38556,Open,2020-04-01T15:00:00Z
-88.22429,30.640395,Open,2020-04-01T15:00:00Z
-86.09547,33.99688,Open,2020-04-01T15:00:00Z
-84.561296,33.414087,Closed,2020-04-01T15:00:00Z
-81.8936,34.96723,Open,2020-04-01T15:00:00Z
-95.57323196,29.64213649,Closed,2020-04-01T15:00:00Z
-85.95237,31.782603,Open,2020-04-01T15:00:00Z
-112.00815,33.41561,Closed,2020-04-01T15:00:00Z
-83.93804,33.88095,Open,2020-04-01T15:00:00Z
-84.17094,33.922076,Open,2020-04-01T15:00:00Z
-85.7727,30.15688,Closed,2020-04-01T15:00:00Z
-84.81407,38.17898,Closed,2020-04-01T15:00:00Z
-83.52807,31.45797,Open,2020-04-01T15:00:00Z
-96.682777,33.00618,Closed,2020-04-01T15:00:00Z
-92.653021,32.537742,Closed,2020-04-01T15:00:00Z
-84.70283,33.875235000000004,Closed,2020-04-01T15:00:00Z
-83.71029986,41.6095534,Closed,2020-04-01T15:00:00Z
-78.9644,34.98388,Open,2020-04-01T15:00:00Z
-88.22604,30.761917,Open,2020-04-01T15:00:00Z
-88.6546055,37.04768713,Closed,2020-04-01T15:00:00Z
-89.13636,30.420497,Closed,2020-04-01T15:00:00Z
-84.61651,39.028827,Open,2020-04-01T15:00:00Z
-84.07692,34.00155,Closed,2020-04-01T15:00:00Z
-95.643271,29.688873,Closed,2020-04-01T15:00:00Z
-82.98842,40.141402,Closed,2020-04-01T15:00:00Z
-78.96779,33.756788,Open,2020-04-01T15:00:00Z
-84.431455,33.905783,Open,2020-04-01T15:00:00Z
-76.323105,40.053484,Closed,2020-04-01T15:00:00Z
-86.50183,30.52155,Open,2020-04-01T15:00:00Z
-75.729634,39.44784,Closed,2020-04-01T15:00:00Z
-95.28128919,29.98271021,Open,2020-04-01T15:00:00Z
-90.13542,32.269082,Open,2020-04-01T15:00:00Z
-84.22001,34.11072,Open,2020-04-01T15:00:00Z
-83.548992,33.00385,Open,2020-04-01T15:00:00Z
-84.938151,33.720012,Open,2020-04-01T15:00:00Z
-104.765346,39.52657,Closed,2020-04-01T15:00:00Z
-81.75916,30.336084,Open,2020-04-01T15:00:00Z
-84.334091,32.925253,Open,2020-04-01T15:00:00Z
-104.721712,38.84671,Closed,2020-04-01T15:00:00Z
-82.83686,34.69093,Closed,2020-04-01T15:00:00Z
-78.32749,35.5056,Closed,2020-04-01T15:00:00Z
-89.93059,34.310609,Open,2020-04-01T15:00:00Z
-81.662139,35.090658,Open,2020-04-01T15:00:00Z
-81.088259,33.960447,Closed,2020-04-01T15:00:00Z
-94.196118,30.241736,Closed,2020-04-01T15:00:00Z
-97.487239,35.319575,Closed,2020-04-01T15:00:00Z
-84.292935,30.374088,Open,2020-04-01T15:00:00Z
-78.043308,39.362693,Closed,2020-04-01T15:00:00Z
-92.32594,38.970712,Closed,2020-04-01T15:00:00Z
-76.354114,39.567404,Closed,2020-04-01T15:00:00Z
-84.13302,36.917286,Closed,2020-04-01T15:00:00Z
-85.211758,38.188942,Closed,2020-04-01T15:00:00Z
-90.877512,30.169961,Closed,2020-04-01T15:00:00Z
-85.97857,31.794257,Closed,2020-04-01T15:00:00Z
-88.36061,36.866875,Closed,2020-04-01T15:00:00Z
-81.496,35.271481,Open,2020-04-01T15:00:00Z
-84.552423,39.396731,Open,2020-04-01T15:00:00Z
-90.36183,38.525582,Closed,2020-04-01T15:00:00Z
-81.49221,40.988888,Closed,2020-04-01T15:00:00Z
-87.12026,30.60347,Closed,2020-04-01T15:00:00Z
-83.703466,41.674491,Closed,2020-04-01T15:00:00Z
-85.4307,31.21582,Open,2020-04-01T15:00:00Z
-84.308846,39.072262,Closed,2020-04-01T15:00:00Z
-84.102375,39.696802,Closed,2020-04-01T15:00:00Z
-83.851669,34.29482,Open,2020-04-01T15:00:00Z
-95.166804,29.649249,Open,2020-04-01T15:00:00Z
-84.70416,34.00037,Closed,2020-04-01T15:00:00Z
-81.891446,35.333735,Open,2020-04-01T15:00:00Z
-75.593002,39.284436,Closed,2020-04-01T15:00:00Z
-79.051577,35.026412,Open,2020-04-01T15:00:00Z
-85.827239,33.664666,Open,2020-04-01T15:00:00Z
-84.17736,31.629268,Open,2020-04-01T15:00:00Z
-110.9323467,32.13418565,Closed,2020-04-01T15:00:00Z
-90.4097,29.89118,Open,2020-04-01T15:00:00Z
-83.95258,34.14118,Open,2020-04-01T15:00:00Z
-77.40941,39.390081,Closed,2020-04-01T15:00:00Z
-84.423309,30.48506,Closed,2020-04-01T15:00:00Z
-77.33732,37.519019,Open,2020-04-01T15:00:00Z
-84.51865,33.83978,Closed,2020-04-01T15:00:00Z
-84.71381,38.050575,Closed,2020-04-01T15:00:00Z
-94.737662,32.541677,Closed,2020-04-01T15:00:00Z
-86.12235,33.59477,Open,2020-04-01T15:00:00Z
-81.87502,31.616998,Open,2020-04-01T15:00:00Z
-85.83145,31.321573,Open,2020-04-01T15:00:00Z
-84.5137077,38.03978577,Closed,2020-04-01T15:00:00Z
-104.838769,39.696237000000004,Open,2020-04-01T15:00:00Z
-79.033805,33.567552,Closed,2020-04-01T15:00:00Z
-95.384105,29.938236,Open,2020-04-01T15:00:00Z
-82.453353,34.852842,Open,2020-04-01T15:00:00Z
-89.147192,30.345412,Open,2020-04-01T15:00:00Z
-85.62341,38.219984,Closed,2020-04-01T15:00:00Z
-84.113919,33.925602,Open,2020-04-01T15:00:00Z
-92.07706303,32.55093647,Open,2020-04-01T15:00:00Z
-84.685428,33.409059,Open,2020-04-01T15:00:00Z
-90.019194,32.356464,Open,2020-04-01T15:00:00Z
-84.96604,32.532288,Closed,2020-04-01T15:00:00Z
-83.93916,30.835505,Open,2020-04-01T15:00:00Z
-86.13942249,32.366576,Open,2020-04-01T15:00:00Z
-83.665073,41.594917,Closed,2020-04-01T15:00:00Z
-96.688501,33.056735,Closed,2020-04-01T15:00:00Z
-84.251179,33.547462,Open,2020-04-01T15:00:00Z
-96.93662,33.02336,Closed,2020-04-01T15:00:00Z
-82.93016249,39.99844155,Open,2020-04-01T15:00:00Z
-91.857124,29.985643,Open,2020-04-01T15:00:00Z
-84.185362,33.423029,Open,2020-04-01T15:00:00Z
-86.637771,30.449802,Open,2020-04-01T15:00:00Z
-97.75912,35.48894,Closed,2020-04-01T15:00:00Z
-88.12237,30.68906,Open,2020-04-01T15:00:00Z
-75.43531,40.636557,Open,2020-04-01T15:00:00Z
-81.8018289,41.13615982,Closed,2020-04-01T15:00:00Z
-82.00472,34.935121,Open,2020-04-01T15:00:00Z
-95.8502,36.264683,Closed,2020-04-01T15:00:00Z
-95.482744,30.366433,Closed,2020-04-01T15:00:00Z
-111.5449668,33.3887104,Closed,2020-04-01T15:00:00Z
-87.45301813,36.69338132,Closed,2020-04-01T15:00:00Z
-104.864802,39.37993,Closed,2020-04-01T15:00:00Z
-80.611743,35.396231,Closed,2020-04-01T15:00:00Z
-87.30011,30.46029,Open,2020-04-01T15:00:00Z
-84.359577,34.253754,Open,2020-04-01T15:00:00Z
-78.64596,33.865872,Closed,2020-04-01T15:00:00Z
-94.66994,39.271492,Open,2020-04-01T15:00:00Z
-83.29228,30.874437,Open,2020-04-01T15:00:00Z
-77.030801,35.082125,Closed,2020-04-01T15:00:00Z
-111.979201,33.305954,Closed,2020-04-01T15:00:00Z
-85.76132,33.8185,Closed,2020-04-01T15:00:00Z
-90.29976,38.498164,Open,2020-04-01T15:00:00Z
-80.207963,40.222341,Closed,2020-04-01T15:00:00Z
-82.66694,34.53643,Open,2020-04-01T15:00:00Z
-84.42531,34.0676,Open,2020-04-01T15:00:00Z
-76.101345,39.552852,Closed,2020-04-01T15:00:00Z
-89.78645,30.22443,Open,2020-04-01T15:00:00Z
-93.80492331,32.40110603,Open,2020-04-01T15:00:00Z
-84.15409,34.22181,Open,2020-04-01T15:00:00Z
-85.4534,31.233931,Open,2020-04-01T15:00:00Z
-84.225907,39.638224,Closed,2020-04-01T15:00:00Z
-82.66701579,27.82119952,Open,2020-04-01T15:00:00Z
-84.77509,34.24097,Closed,2020-04-01T15:00:00Z
-78.985975,33.651516,Closed,2020-04-01T15:00:00Z
-82.30888165,27.9819429,Open,2020-04-01T15:00:00Z
-87.219654,30.531354,Open,2020-04-01T15:00:00Z
-82.53887,35.82024,Closed,2020-04-01T15:00:00Z
-97.68916309,30.21881619,Open,2020-04-01T15:00:00Z
-82.015764,33.439504,Open,2020-04-01T15:00:00Z
-97.46148,32.68204,Open,2020-04-01T15:00:00Z
-80.73467,33.457582,Open,2020-04-01T15:00:00Z
-81.24373,41.666268,Closed,2020-04-01T15:00:00Z
-81.19315,35.315607,Closed,2020-04-01T15:00:00Z
-75.69556465,41.48778821,Closed,2020-04-01T15:00:00Z
-81.38634166,40.77078227,Closed,2020-04-01T15:00:00Z
-82.40461,35.297947,Closed,2020-04-01T15:00:00Z
-84.62145,33.78854,Open,2020-04-01T15:00:00Z
-84.02614,33.666381,Open,2020-04-01T15:00:00Z
-97.009304,32.857244,Open,2020-04-01T15:00:00Z
-82.032954,33.521952,Open,2020-04-01T15:00:00Z
-96.68312,32.87807,Open,2020-04-01T15:00:00Z
-84.240957,33.945914,Open,2020-04-01T15:00:00Z
-80.72185988,41.14308222,Closed,2020-04-01T15:00:00Z
-78.771962,35.592788,Closed,2020-04-01T15:00:00Z
-85.430921,32.6074,Closed,2020-04-01T15:00:00Z
-79.129608,33.437695,Open,2020-04-01T15:00:00Z
-82.43571,35.34417,Open,2020-04-01T15:00:00Z
-84.38683,33.618416,Open,2020-04-01T15:00:00Z
-85.266432,38.203057,Closed,2020-04-01T15:00:00Z
-90.10655,32.412067,Open,2020-04-01T15:00:00Z
-78.498192,35.66636,Closed,2020-04-01T15:00:00Z
-80.540809,34.993905,Open,2020-04-01T15:00:00Z
-79.01093,34.643536,Open,2020-04-01T15:00:00Z
-84.67403,33.85877,Open,2020-04-01T15:00:00Z
-85.043026,34.009799,Open,2020-04-01T15:00:00Z
-85.204135,35.083692,Open,2020-04-01T15:00:00Z
-96.89129,32.63993,Open,2020-04-01T15:00:00Z
-93.51410751,32.5448576,Closed,2020-04-01T15:00:00Z
-82.606244,38.389012,Open,2020-04-01T15:00:00Z
-88.562282,37.048567,Closed,2020-04-01T15:00:00Z
-83.41286,33.889717,Closed,2020-04-01T15:00:00Z
-80.231894,40.182558,Closed,2020-04-01T15:00:00Z
-81.94165,35.363952,Closed,2020-04-01T15:00:00Z
-77.352043,39.324198,Open,2020-04-01T15:00:00Z
-90.04162,30.414973,Closed,2020-04-01T15:00:00Z
-83.66226,32.5572,Open,2020-04-01T15:00:00Z
-82.376148,34.790991,Open,2020-04-01T15:00:00Z
-90.16171,32.23268,Open,2020-04-01T15:00:00Z
-84.074147,33.77513,Open,2020-04-01T15:00:00Z
-84.30039,33.612171,Open,2020-04-01T15:00:00Z
-84.701634,33.747586,Open,2020-04-01T15:00:00Z
-77.630757,39.92774,Closed,2020-04-01T15:00:00Z
-97.42392,35.446468,Open,2020-04-01T15:00:00Z
-91.79162,37.942531,Closed,2020-04-01T15:00:00Z
-80.744201,35.170445,Open,2020-04-01T15:00:00Z
-83.26811,33.422344,Open,2020-04-01T15:00:00Z
-92.04727,32.681493,Closed,2020-04-01T15:00:00Z
-80.108238,32.802309,Open,2020-04-01T15:00:00Z
-87.435792,36.637992,Open,2020-04-01T15:00:00Z
-83.00065,39.881015,Closed,2020-04-01T15:00:00Z
-96.630426,32.836526,Open,2020-04-01T15:00:00Z
-81.96929,34.839106,Open,2020-04-01T15:00:00Z
-95.46203648,30.27907895,Open,2020-04-01T15:00:00Z
-75.33919,40.593523,Closed,2020-04-01T15:00:00Z
-80.595467,34.219942,Closed,2020-04-01T15:00:00Z
-97.657771,30.329074,Closed,2020-04-01T15:00:00Z
-84.005907,33.9,Open,2020-04-01T15:00:00Z
-83.87484,34.279214,Closed,2020-04-01T15:00:00Z
-83.34521259,33.98614022,Open,2020-04-01T15:00:00Z
-85.0791,33.59845,Open,2020-04-01T15:00:00Z
-85.72637,31.300509,Open,2020-04-01T15:00:00Z
-84.57296,33.72956,Open,2020-04-01T15:00:00Z
-84.20563,33.94345,Closed,2020-04-01T15:00:00Z
-79.014552,35.06427,Open,2020-04-01T15:00:00Z
-89.3827,30.30462,Open,2020-04-01T15:00:00Z
-82.361739,38.412479,Closed,2020-04-01T15:00:00Z
-84.194576,33.801985,Open,2020-04-01T15:00:00Z
-83.95215,34.880923,Open,2020-04-01T15:00:00Z
-87.197188,30.488539,Open,2020-04-01T15:00:00Z
-83.994947,33.855921,Closed,2020-04-01T15:00:00Z
-85.99259,34.011191,Open,2020-04-01T15:00:00Z
-79.092974,33.861574,Open,2020-04-01T15:00:00Z
-81.233956,35.477058,Closed,2020-04-01T15:00:00Z
-80.741369,41.22231,Closed,2020-04-01T15:00:00Z
-82.33162,34.90427,Open,2020-04-01T15:00:00Z
-88.172836,30.689736,Open,2020-04-01T15:00:00Z
-84.414831,34.397991,Open,2020-04-01T15:00:00Z
-104.75444,38.891697,Closed,2020-04-01T15:00:00Z
-77.40616,35.560994,Open,2020-04-01T15:00:00Z
-83.6407,31.710818,Closed,2020-04-01T15:00:00Z
-87.367798,36.541213,Closed,2020-04-01T15:00:00Z
-82.00588,35.001714,Open,2020-04-01T15:00:00Z
-81.42930355,41.64254322,Closed,2020-04-01T15:00:00Z
-84.815397,34.158187,Open,2020-04-01T15:00:00Z
-92.3363,38.920563,Closed,2020-04-01T15:00:00Z
-84.41959,34.175906,Closed,2020-04-01T15:00:00Z
-84.86961,32.536647,Open,2020-04-01T15:00:00Z
-84.901233,33.731793,Open,2020-04-01T15:00:00Z
-83.808957,34.093673,Open,2020-04-01T15:00:00Z
-84.41244,33.54847,Open,2020-04-01T15:00:00Z
-96.85607,32.952112,Open,2020-04-01T15:00:00Z
-82.46784,34.89288,Closed,2020-04-01T15:00:00Z
-82.1831,34.20917,Open,2020-04-01T15:00:00Z
-84.78724,33.95655,Open,2020-04-01T15:00:00Z
-78.938103,38.064396,Open,2020-04-01T15:00:00Z
-84.365945,33.82564,Open,2020-04-01T15:00:00Z
-92.03421,32.529357,Open,2020-04-01T15:00:00Z
-78.79849,35.415224,Open,2020-04-01T15:00:00Z
-76.929563,34.898621,Open,2020-04-01T15:00:00Z
-84.81592,33.385076,Open,2020-04-01T15:00:00Z
-83.998785,39.783623,Closed,2020-04-01T15:00:00Z
-80.56962,41.181827,Closed,2020-04-01T15:00:00Z
-87.707983,30.54339,Open,2020-04-01T15:00:00Z
-94.71243,38.993147,Closed,2020-04-01T15:00:00Z
-77.548424,35.889476,Open,2020-04-01T15:00:00Z
-97.343368,32.84453,Closed,2020-04-01T15:00:00Z
-81.587327,34.283163,Open,2020-04-01T15:00:00Z
-83.96533,33.578194,Open,2020-04-01T15:00:00Z
-85.898318,33.781858,Closed,2020-04-01T15:00:00Z
-86.46733,36.979887,Closed,2020-04-01T15:00:00Z
-111.720968,33.451545,Closed,2020-04-01T15:00:00Z
-76.306392,39.453867,Open,2020-04-01T15:00:00Z
-81.42263045,40.86000845,Closed,2020-04-01T15:00:00Z
-85.090015,32.470305,Open,2020-04-01T15:00:00Z
-75.691171,41.376478,Closed,2020-04-01T15:00:00Z
-90.47546,31.247305,Open,2020-04-01T15:00:00Z
-85.02835,33.72228,Open,2020-04-01T15:00:00Z
-75.540799,39.104801,Closed,2020-04-01T15:00:00Z
-82.14503,34.20817,Open,2020-04-01T15:00:00Z
-84.242679999999993,33.501521,Open,2020-04-01T15:00:00Z
-84.5842,33.488395,Closed,2020-04-01T15:00:00Z
-80.70944,35.368397,Open,2020-04-01T15:00:00Z
-84.01383,33.593182,Open,2020-04-01T15:00:00Z
-90.525976,30.726195,Open,2020-04-01T15:00:00Z
-84.216133,30.428305,Open,2020-04-01T15:00:00Z
-78.64634,35.322986,Open,2020-04-01T15:00:00Z
-92.013835,30.248623,Open,2020-04-01T15:00:00Z
-81.14599,33.94032,Closed,2020-04-01T15:00:00Z
-83.98473,33.988643,Open,2020-04-01T15:00:00Z
-97.22528,32.41599,Closed,2020-04-01T15:00:00Z
-83.87324,34.107683,Closed,2020-04-01T15:00:00Z
-83.35399,30.895242,Closed,2020-04-01T15:00:00Z
-81.96436,35.65967,Closed,2020-04-01T15:00:00Z
-86.57625,30.76239,Closed,2020-04-01T15:00:00Z
-90.206788,29.909766,Closed,2020-04-01T15:00:00Z
-88.19031,30.663221,Open,2020-04-01T15:00:00Z
-84.28932,33.2473,Open,2020-04-01T15:00:00Z
-82.883877,39.875095,Closed,2020-04-01T15:00:00Z
-83.679932,33.813335,Open,2020-04-01T15:00:00Z
-84.66155,33.52813,Open,2020-04-01T15:00:00Z
-91.147629,30.647203,Open,2020-04-01T15:00:00Z
-86.04051,39.82999,Open,2020-04-01T15:00:00Z
-82.82769,39.86337,Closed,2020-04-01T15:00:00Z
-84.531072,33.764423,Open,2020-04-01T15:00:00Z
-88.158328,30.648975,Open,2020-04-01T15:00:00Z
-79.14259,35.4577,Closed,2020-04-01T15:00:00Z
-82.065736,34.937604,Closed,2020-04-01T15:00:00Z
-79.48263,34.75651,Open,2020-04-01T15:00:00Z
-84.16691,33.452695,Closed,2020-04-01T15:00:00Z
-83.84202,34.011013,Open,2020-04-01T15:00:00Z
-93.60431,33.679827,Open,2020-04-01T15:00:00Z
-94.79321,39.72404,Closed,2020-04-01T15:00:00Z
-87.362557,30.358763,Open,2020-04-01T15:00:00Z
-85.84281,39.9905,Closed,2020-04-01T15:00:00Z
-89.95984,29.95054,Open,2020-04-01T15:00:00Z
-82.75939,34.70806,Open,2020-04-01T15:00:00Z
-85.71588,34.16175,Open,2020-04-01T15:00:00Z
-83.597664,33.964656,Closed,2020-04-01T15:00:00Z
-90.701848,35.806598,Open,2020-04-01T15:00:00Z
-84.041253,35.07817,Closed,2020-04-01T15:00:00Z
-111.8923092,33.42179925,Closed,2020-04-01T15:00:00Z
-84.272459,33.904411,Open,2020-04-01T15:00:00Z
-79.237009,34.978336,Open,2020-04-01T15:00:00Z
-87.70163,30.47076,Closed,2020-04-01T15:00:00Z
-86.43041,33.777589999999996,Closed,2020-04-01T15:00:00Z
-83.85451,33.741765,Open,2020-04-01T15:00:00Z
-81.70884,33.52762,Open,2020-04-01T15:00:00Z
-84.14212,33.505958,Open,2020-04-01T15:00:00Z
-90.278325,34.834358,Closed,2020-04-01T15:00:00Z
-89.981919,34.823602,Open,2020-04-01T15:00:00Z
-82.716011,38.388066,Closed,2020-04-01T15:00:00Z
-81.651576,35.720085,Closed,2020-04-01T15:00:00Z
-83.71361,32.74244,Open,2020-04-01T15:00:00Z
-79.20141,33.991614,Closed,2020-04-01T15:00:00Z
-89.154782,30.849175,Open,2020-04-01T15:00:00Z
-79.79074,34.912512,Open,2020-04-01T15:00:00Z
-88.59783,30.909074,Open,2020-04-01T15:00:00Z
-78.30235,36.087413,Closed,2020-04-01T15:00:00Z
-93.7837224,32.55845651,Open,2020-04-01T15:00:00Z
-94.26989,39.331493,Closed,2020-04-01T15:00:00Z
-79.43361,35.734582,Closed,2020-04-01T15:00:00Z
-82.69026,34.576594,Closed,2020-04-01T15:00:00Z
-86.74877,33.14792,Open,2020-04-01T15:00:00Z
-83.7513,31.93467,Closed,2020-04-01T15:00:00Z
-89.852328,33.786424,Open,2020-04-01T15:00:00Z
-79.99249,33.19878,Closed,2020-04-01T15:00:00Z
-78.97014,35.17408,Closed,2020-04-01T15:00:00Z
-92.027407,34.977056,Closed,2020-04-01T15:00:00Z
-90.470116,31.579303,Open,2020-04-01T15:00:00Z
-81.45945,34.23988,Closed,2020-04-01T15:00:00Z
-78.75012,35.123664,Closed,2020-04-01T15:00:00Z
-80.855271,41.783795,Closed,2020-04-01T15:00:00Z
-83.569736,32.809207,Open,2020-04-01T15:00:00Z
-89.9744,30.03506,Open,2020-04-01T15:00:00Z
-79.818281,35.823616,Closed,2020-04-01T15:00:00Z
-84.24212,33.619238,Open,2020-04-01T15:00:00Z
-84.149711,33.583096,Open,2020-04-01T15:00:00Z
-83.755987,40.37727117,Closed,2020-04-01T15:00:00Z
-83.849287,33.571257,Open,2020-04-01T15:00:00Z
-83.937137,34.094486,Closed,2020-04-01T15:00:00Z
-83.731012,33.818697,Closed,2020-04-01T15:00:00Z
-87.6483,30.407701,Closed,2020-04-01T15:00:00Z
-85.565708,40.116612,Closed,2020-04-01T15:00:00Z
-88.242571,30.54135,Open,2020-04-01T15:00:00Z
-85.246235,30.782115,Open,2020-04-01T15:00:00Z
-88.56701,30.6431,Open,2020-04-01T15:00:00Z
-90.11047,30.50395,Open,2020-04-01T15:00:00Z
-85.953907,39.200294,Closed,2020-04-01T15:00:00Z
-84.218521,31.585578,Closed,2020-04-01T15:00:00Z
-83.568172,35.871899,Open,2020-04-01T15:00:00Z
-83.017467,40.134511,Closed,2020-04-01T15:00:00Z
-89.820792,30.302571,Open,2020-04-01T15:00:00Z
-77.453137,37.385104,Closed,2020-04-01T15:00:00Z
-82.342471,29.701766,Open,2020-04-01T15:00:00Z
-97.600738,35.454719,Open,2020-04-01T15:00:00Z
-79.009918,33.804661,Closed,2020-04-01T15:00:00Z
-86.667906,34.791832,Open,2020-04-01T15:00:00Z
-89.932039,34.962075,Open,2020-04-01T15:00:00Z
-84.534559,39.023785,Closed,2020-04-01T15:00:00Z
-83.994819,34.053028,Open,2020-04-01T15:00:00Z
-81.670572,36.20652,Closed,2020-04-01T15:00:00Z
-81.799528,28.826535,Open,2020-04-01T15:00:00Z
-80.465869,35.66352,Open,2020-04-01T15:00:00Z
-83.614428,32.861262,Open,2020-04-01T15:00:00Z
-84.9366,32.40626,Open,2020-04-01T15:00:00Z
-90.220175,30.00392,Closed,2020-04-01T15:00:00Z
-95.12435,29.664067,Open,2020-04-01T15:00:00Z
-81.639405,34.728705,Open,2020-04-01T15:00:00Z
-86.917767,35.767473,Closed,2020-04-01T15:00:00Z
-85.809113,30.195706,Closed,2020-04-01T15:00:00Z
-80.003816,32.968401,Open,2020-04-01T15:00:00Z
-81.569515,30.351961,Open,2020-04-01T15:00:00Z
-78.975822,33.618354,Closed,2020-04-01T15:00:00Z
-89.96264,30.046955,Closed,2020-04-01T15:00:00Z
-85.042045,32.495468,Closed,2020-04-01T15:00:00Z
-84.379563,33.930901,Open,2020-04-01T15:00:00Z
-78.677881,35.77772,Closed,2020-04-01T15:00:00Z
-78.599654,35.863048,Open,2020-04-01T15:00:00Z
-80.924297,35.145638,Open,2020-04-01T15:00:00Z
-90.115223,32.282701,Closed,2020-04-01T15:00:00Z
-85.090987,33.571961,Closed,2020-04-01T15:00:00Z
-81.677514,28.357984,Closed,2020-04-01T15:00:00Z
-76.459212,37.044709,Open,2020-04-01T15:00:00Z
-81.485647,31.193767,Open,2020-04-01T15:00:00Z
-89.670084,30.544877,Open,2020-04-01T15:00:00Z
-81.709223,28.547333,Open,2020-04-01T15:00:00Z
-86.567368,34.628029,Open,2020-04-01T15:00:00Z
-77.05993,35.556091,Closed,2020-04-01T15:00:00Z
-82.727433,28.253558,Open,2020-04-01T15:00:00Z
-81.935747,33.566769,Open,2020-04-01T15:00:00Z
-81.056325,32.070309,Open,2020-04-01T15:00:00Z
-81.757929,30.147903,Open,2020-04-01T15:00:00Z
-79.166451,35.746142,Closed,2020-04-01T15:00:00Z
-89.092787,30.396316,Open,2020-04-01T15:00:00Z
-83.761767,31.190364,Open,2020-04-01T15:00:00Z
-84.512749,33.7988,Open,2020-04-01T15:00:00Z
-90.03194,29.92865,Open,2020-04-01T15:00:00Z
-84.940781,34.479931,Open,2020-04-01T15:00:00Z
-84.365378,39.351717,Closed,2020-04-01T15:00:00Z
-91.890261,34.806408,Closed,2020-04-01T15:00:00Z
-86.673397,36.16939,Closed,2020-04-01T15:00:00Z
-86.082249,39.706427,Closed,2020-04-01T15:00:00Z
-79.410326,35.162399,Closed,2020-04-01T15:00:00Z
-95.077873,29.474405,Closed,2020-04-01T15:00:00Z
-81.519231,31.2181,Open,2020-04-01T15:00:00Z
-78.91147,33.70835,Open,2020-04-01T15:00:00Z
-84.2329,33.6831,Open,2020-04-01T15:00:00Z
-95.719468,29.861808,Closed,2020-04-01T15:00:00Z
-77.33615,35.596114300000004,Open,2020-04-01T15:00:00Z
-81.226721,33.908053,Open,2020-04-01T15:00:00Z
-80.068265,32.887164,Open,2020-04-01T15:00:00Z
-81.704358,30.4486,Open,2020-04-01T15:00:00Z
-81.235268,35.695175,Open,2020-04-01T15:00:00Z
-80.259583,35.776282,Closed,2020-04-01T15:00:00Z
-86.73961,33.386776,Closed,2020-04-01T15:00:00Z
-89.235078,31.351905,Open,2020-04-01T15:00:00Z
-79.991759,37.326173,Open,2020-04-01T15:00:00Z
-84.592704,39.238623,Open,2020-04-01T15:00:00Z
-90.479323,30.51726,Open,2020-04-01T15:00:00Z
-82.178748,29.18648,Open,2020-04-01T15:00:00Z
-92.27114,34.796043,Open,2020-04-01T15:00:00Z
-77.534354,37.499426,Open,2020-04-01T15:00:00Z
-89.006452,30.400605,Open,2020-04-01T15:00:00Z
-84.521916,34.067927,Open,2020-04-01T15:00:00Z
-90.235705,29.979558,Closed,2020-04-01T15:00:00Z
-84.475808,33.810781,Open,2020-04-01T15:00:00Z
-76.518595,37.140785,Open,2020-04-01T15:00:00Z
-87.019,34.5776,Open,2020-04-01T15:00:00Z
-82.141727,33.523134,Open,2020-04-01T15:00:00Z
-81.600808,31.840925,Open,2020-04-01T15:00:00Z
-83.339874,33.926317,Open,2020-04-01T15:00:00Z
-84.4707,39.4176,Closed,2020-04-01T15:00:00Z
-80.6122,35.4801,Open,2020-04-01T15:00:00Z
-86.6021,36.3092,Closed,2020-04-01T15:00:00Z
-95.156268,29.811008,Open,2020-04-01T15:00:00Z
-81.765,30.3,Open,2020-04-01T15:00:00Z
-92.343,34.716,Open,2020-04-01T15:00:00Z
-84.0194,36.0059,Open,2020-04-01T15:00:00Z
-84.8882,33.8102,Open,2020-04-01T15:00:00Z
-85.7277,38.2909,Open,2020-04-01T15:00:00Z
-84.3491,33.6143,Open,2020-04-01T15:00:00Z
-80.5833,35.9167,Closed,2020-04-01T15:00:00Z
-81.3098,28.5205,Open,2020-04-01T15:00:00Z
-86.5796,34.7387,Open,2020-04-01T15:00:00Z
-90.0491,29.8772,Open,2020-04-01T15:00:00Z
-84.169605,33.0444619,Open,2020-04-01T15:00:00Z
-85.798972,38.345803,Closed,2020-04-01T15:00:00Z
-83.5453,35.7779,Open,2020-04-01T15:00:00Z
-81.3046,33.9924,Open,2020-04-01T15:00:00Z
-83.8092,34.3319,Open,2020-04-01T15:00:00Z
-82.509473,35.40152,Closed,2020-04-01T15:00:00Z
-79.2335,37.3462,Closed,2020-04-01T15:00:00Z
-86.9656,33.457,Open,2020-04-01T15:00:00Z
-82.798,27.895,Closed,2020-04-01T15:00:00Z
-90.1206,32.3998,Open,2020-04-01T15:00:00Z
-92.064771,30.518729,Open,2020-04-01T15:00:00Z
-87.6119,33.2352,Open,2020-04-01T15:00:00Z
-84.111532,33.823893,Open,2020-04-01T15:00:00Z
-76.187605,36.714783,Closed,2020-04-01T15:00:00Z
-84.2634,39.5623,Closed,2020-04-01T15:00:00Z
-86.829767,36.192279,Open,2020-04-01T15:00:00Z
-77.5264,37.4719,Open,2020-04-01T15:00:00Z
-77.9359,34.1933,Closed,2020-04-01T15:00:00Z
-90.1561,29.9052,Closed,2020-04-01T15:00:00Z
-84.1501,31.5756,Open,2020-04-01T15:00:00Z
-81.45,30.288,Closed,2020-04-01T15:00:00Z
-88.7004,32.4127,Open,2020-04-01T15:00:00Z
-84.1399,34.1889,Open,2020-04-01T15:00:00Z
-92.0097,30.1854,Open,2020-04-01T15:00:00Z
-90.126,32.3303,Closed,2020-04-01T15:00:00Z
-90.519,36.06,Closed,2020-04-01T15:00:00Z
-77.4728,37.4373,Open,2020-04-01T15:00:00Z
-95.717851,29.981203,Closed,2020-04-01T15:00:00Z
-84.2958,33.7739,Closed,2020-04-01T15:00:00Z
-96.7014,32.7949,Open,2020-04-01T15:00:00Z
-84.3842,33.7581,Open,2020-04-01T15:00:00Z
-77.8869,34.2119,Closed,2020-04-01T15:00:00Z
-81.581,30.22,Open,2020-04-01T15:00:00Z
-83.469426,36.125489,Closed,2020-04-01T15:00:00Z
-80.2371,33.0111,Open,2020-04-01T15:00:00Z
-76.163199,36.869809,Closed,2020-04-01T15:00:00Z
-78.892,35.913,Open,2020-04-01T15:00:00Z
-86.3513,35.8354,Closed,2020-04-01T15:00:00Z
-84.485,39.2848,Open,2020-04-01T15:00:00Z
-84.492076,34.016539,Open,2020-04-01T15:00:00Z
-82.519,27.996,Open,2020-04-01T15:00:00Z
-82.762726,27.841772,Closed,2020-04-01T15:00:00Z
-90.0546,34.963,Open,2020-04-01T15:00:00Z
-84.2755,33.5786,Open,2020-04-01T15:00:00Z
-83.7523,33.9476,Open,2020-04-01T15:00:00Z
-82.3801,36.3512,Open,2020-04-01T15:00:00Z
-77.1905,37.5089,Closed,2020-04-01T15:00:00Z
-81.2199,35.2595,Open,2020-04-01T15:00:00Z
-83.9705,33.2938,Open,2020-04-01T15:00:00Z
-84.5175,33.9506,Open,2020-04-01T15:00:00Z
-78.3249,35.8387,Open,2020-04-01T15:00:00Z
-90.4151,30.4829,Open,2020-04-01T15:00:00Z
-86.6195,36.2,Closed,2020-04-01T15:00:00Z
-90.1497,32.3859,Open,2020-04-01T15:00:00Z
-81.8722,26.6064,Open,2020-04-01T15:00:00Z
-76.3889,39.4975,Closed,2020-04-01T15:00:00Z
-81.405143,28.424612,Closed,2020-04-01T15:00:00Z
-95.229484,29.546933,Closed,2020-04-01T15:00:00Z
-96.774,32.8085,Open,2020-04-01T15:00:00Z
-90.5674,29.7048,Closed,2020-04-01T15:00:00Z
-84.122543,34.021026,Open,2020-04-01T15:00:00Z
-86.8236,33.4718,Open,2020-04-01T15:00:00Z
-81.971553,33.491739,Open,2020-04-01T15:00:00Z
-84.435782,33.659239,Open,2020-04-01T15:00:00Z
-84.443589,33.675528,Open,2020-04-01T15:00:00Z
-84.23468,33.78579,Open,2020-04-01T15:00:00Z
-82.632251,35.560998,Open,2020-04-01T15:00:00Z
-84.47686,33.90096,Open,2020-04-01T15:00:00Z
-84.379807,33.901041,Open,2020-04-01T15:00:00Z
-83.66853,32.79071,Closed,2020-04-01T15:00:00Z
-83.6294,32.84275,Open,2020-04-01T15:00:00Z
-84.78643,34.1766,Open,2020-04-01T15:00:00Z
-82.524016,27.949328,Open,2020-04-01T15:00:00Z
-84.21551,33.713664,Open,2020-04-01T15:00:00Z
-85.21323518,34.26867441,Open,2020-04-01T15:00:00Z
-81.72015349,30.28578278,Open,2020-04-01T15:00:00Z
-84.92618,32.46322,Open,2020-04-01T15:00:00Z
-84.95258,32.506957,Open,2020-04-01T15:00:00Z
-85.02926,32.46986,Open,2020-04-01T15:00:00Z
-81.103311,33.981922,Closed,2020-04-01T15:00:00Z
-85.66727,30.17517,Open,2020-04-01T15:00:00Z
-80.875763,35.174742,Open,2020-04-01T15:00:00Z
-81.646475,30.481683,Open,2020-04-01T15:00:00Z
-87.52461901,33.17774635,Open,2020-04-01T15:00:00Z
-86.072688,34.018679,Closed,2020-04-01T15:00:00Z
-84.244497,33.847674,Open,2020-04-01T15:00:00Z
-86.602642,30.403326,Closed,2020-04-01T15:00:00Z
-84.91704,34.512305,Open,2020-04-01T15:00:00Z
-84.219823,33.882443,Open,2020-04-01T15:00:00Z
-81.146487,32.05251,Open,2020-04-01T15:00:00Z
-81.15078,32.10443,Open,2020-04-01T15:00:00Z
-84.9968,34.795259,Open,2020-04-01T15:00:00Z
-81.080582,32.270705,Open,2020-04-01T15:00:00Z
-90.9441054,30.2106507,Open,2020-04-01T15:00:00Z
-85.253912,34.016976,Open,2020-04-01T15:00:00Z
-84.169849,33.704706,Open,2020-04-01T15:00:00Z
-82.44977479,28.05454781,Open,2020-04-01T15:00:00Z
-83.72383,32.80853,Open,2020-04-01T15:00:00Z
-83.97739,35.82481,Open,2020-04-01T15:00:00Z
-85.20844722,34.98939938,Open,2020-04-01T15:00:00Z
-84.422207,38.04232,Open,2020-04-01T15:00:00Z
-84.474124,33.623196,Open,2020-04-01T15:00:00Z
-80.94575,34.07528,Open,2020-04-01T15:00:00Z
-81.120231,34.043881,Open,2020-04-01T15:00:00Z
-82.51704533,36.54725625,Open,2020-04-01T15:00:00Z
-90.900729,32.309796,Closed,2020-04-01T15:00:00Z
-97.435765,35.592155,Closed,2020-04-01T15:00:00Z
-83.9383,33.04168,Open,2020-04-01T15:00:00Z
-85.18428,32.84725,Open,2020-04-01T15:00:00Z
-79.80092498,36.03216436,Closed,2020-04-01T15:00:00Z
-87.279607,30.437491,Open,2020-04-01T15:00:00Z
-83.750314,31.958962,Open,2020-04-01T15:00:00Z
-96.821772,32.604969,Open,2020-04-01T15:00:00Z
-81.09634,34.04131,Open,2020-04-01T15:00:00Z
-87.57802,33.239155,Closed,2020-04-01T15:00:00Z
-86.055018,35.459534,Closed,2020-04-01T15:00:00Z
-96.992535,33.028315,Open,2020-04-01T15:00:00Z
-84.47142,33.885264,Open,2020-04-01T15:00:00Z
-87.163956,30.357522,Closed,2020-04-01T15:00:00Z
-83.62579,32.61824,Open,2020-04-01T15:00:00Z
-83.742321,32.470496,Closed,2020-04-01T15:00:00Z
-91.068286,30.414982,Open,2020-04-01T15:00:00Z
-86.64015,31.849328,Closed,2020-04-01T15:00:00Z
-83.926886,36.078788,Open,2020-04-01T15:00:00Z
-96.950424,32.836467,Open,2020-04-01T15:00:00Z
-84.642953,39.000693,Open,2020-04-01T15:00:00Z
-93.057777,34.49237,Open,2020-04-01T15:00:00Z
-82.30501,27.93801,Open,2020-04-01T15:00:00Z
-84.207953,33.91583,Open,2020-04-01T15:00:00Z
-85.686434,38.198495,Open,2020-04-01T15:00:00Z
-89.746134,30.285132,Open,2020-04-01T15:00:00Z
-82.423886,29.659542,Open,2020-04-01T15:00:00Z
-85.71173654,38.15704646,Open,2020-04-01T15:00:00Z
-84.39695927,39.28680414,Closed,2020-04-01T15:00:00Z
-77.3767,35.58092,Closed,2020-04-01T15:00:00Z
-104.8365804,38.87635759,Open,2020-04-01T15:00:00Z
-81.969236,28.083491,Open,2020-04-01T15:00:00Z
-86.297915,36.184729,Open,2020-04-01T15:00:00Z
-80.876144,35.80488,Open,2020-04-01T15:00:00Z
-89.039233,30.379822,Open,2020-04-01T15:00:00Z
-81.98694,34.921302,Open,2020-04-01T15:00:00Z
-86.978868,34.607724,Open,2020-04-01T15:00:00Z
-97.09711,32.76483,Open,2020-04-01T15:00:00Z
-85.36198,31.21716,Open,2020-04-01T15:00:00Z
-80.76026603,35.28762593,Open,2020-04-01T15:00:00Z
-81.333801,31.924914,Open,2020-04-01T15:00:00Z
-95.85970376,36.14787801,Closed,2020-04-01T15:00:00Z
-93.265536,37.253838,Closed,2020-04-01T15:00:00Z
-83.43554,31.13425,Open,2020-04-01T15:00:00Z
-94.30512538,39.0322225,Closed,2020-04-01T15:00:00Z
-80.396538,27.412376,Open,2020-04-01T15:00:00Z
-80.01175,32.869225,Open,2020-04-01T15:00:00Z
-85.00012,34.760503,Open,2020-04-01T15:00:00Z
-79.46977,36.064139,Open,2020-04-01T15:00:00Z
-85.832765,33.602382,Open,2020-04-01T15:00:00Z
-82.132072,33.484274,Open,2020-04-01T15:00:00Z
-97.175738,33.231125,Open,2020-04-01T15:00:00Z
-83.747302,32.658059,Open,2020-04-01T15:00:00Z
-93.226392,37.238691,Open,2020-04-01T15:00:00Z
-90.084431,30.438087,Open,2020-04-01T15:00:00Z
-86.351198,33.265649,Closed,2020-04-01T15:00:00Z
-80.19267,35.384904,Closed,2020-04-01T15:00:00Z
-79.700494,34.261983,Closed,2020-04-01T15:00:00Z
-94.358332,32.494389,Closed,2020-04-01T15:00:00Z
-78.29363,35.52043,Closed,2020-04-01T15:00:00Z
-88.691484,32.349784,Open,2020-04-01T15:00:00Z
-88.07213,30.803658,Open,2020-04-01T15:00:00Z
-87.29338,30.57652,Open,2020-04-01T15:00:00Z
-86.68282,33.69508,Open,2020-04-01T15:00:00Z
-79.811039,35.689893,Closed,2020-04-01T15:00:00Z
-82.64833,39.746076,Closed,2020-04-01T15:00:00Z
-90.004039,29.957054,Closed,2020-04-01T15:00:00Z
-78.498211,36.041179,Closed,2020-04-01T15:00:00Z
-90.20515,33.52378,Open,2020-04-01T15:00:00Z
-84.464521,33.550247,Closed,2020-04-01T15:00:00Z
-83.284765,34.54531,Open,2020-04-01T15:00:00Z
-97.716331,32.756883,Closed,2020-04-01T15:00:00Z
-80.09294,34.978085,Closed,2020-04-01T15:00:00Z
-88.24429,30.417897,Closed,2020-04-01T15:00:00Z
-89.74565,30.356879,Closed,2020-04-01T15:00:00Z
-81.87898,34.46013,Open,2020-04-01T15:00:00Z
-89.756874,33.487062,Closed,2020-04-01T15:00:00Z
-85.4054,32.61699,Open,2020-04-01T15:00:00Z
-81.53177,33.91299,Open,2020-04-01T15:00:00Z
-83.92486,34.199007,Open,2020-04-01T15:00:00Z
-91.94748751,30.14247858,Open,2020-04-01T15:00:00Z
-79.7694,35.360916,Open,2020-04-01T15:00:00Z
-90.449882,30.50676,Closed,2020-04-01T15:00:00Z
-82.393062,34.862095,Open,2020-04-01T15:00:00Z
-82.388899,34.730148,Open,2020-04-01T15:00:00Z
-81.929855,34.966243,Closed,2020-04-01T15:00:00Z
-78.451567,36.321626,Open,2020-04-01T15:00:00Z
-90.064797,32.607581,Closed,2020-04-01T15:00:00Z
-90.406891,31.874346,Open,2020-04-01T15:00:00Z
-81.888732,34.921047,Open,2020-04-01T15:00:00Z
-84.28987,33.634345,Open,2020-04-01T15:00:00Z
-84.062893,33.203462,Open,2020-04-01T15:00:00Z
-78.918191,33.665380999999996,Closed,2020-04-01T15:00:00Z
-77.970475,35.976621,Closed,2020-04-01T15:00:00Z
-85.482498,32.609188,Closed,2020-04-01T15:00:00Z
-84.389452,33.776784,Open,2020-04-01T15:00:00Z
-85.870433,38.100979,Open,2020-04-01T15:00:00Z
-83.777879,35.879838,Open,2020-04-01T15:00:00Z
-88.85045,33.44226,Open,2020-04-01T15:00:00Z
-84.385622,33.750892,Open,2020-04-01T15:00:00Z
-79.793122,35.998598,Open,2020-04-01T15:00:00Z
-84.811658,33.818336,Open,2020-04-01T15:00:00Z
-82.407353,34.891651,Open,2020-04-01T15:00:00Z
-84.82442,33.90733,Open,2020-04-01T15:00:00Z
-78.547091,35.976231,Closed,2020-04-01T15:00:00Z
-90.292913,29.97628,Open,2020-04-01T15:00:00Z
-83.948214,38.073533,Closed,2020-04-01T15:00:00Z
-83.51895,31.4758,Open,2020-04-01T15:00:00Z
-80.182235,32.996481,Open,2020-04-01T15:00:00Z
-84.291723,33.747332,Open,2020-04-01T15:00:00Z
-86.207539,32.381561,Open,2020-04-01T15:00:00Z
-83.536606,31.447744,Closed,2020-04-01T15:00:00Z
-83.498266,33.94097,Closed,2020-04-01T15:00:00Z
-86.910664,33.464577,Open,2020-04-01T15:00:00Z
-94.51405,36.181428,Closed,2020-04-01T15:00:00Z
-90.035985,30.005137,Open,2020-04-01T15:00:00Z
-88.082821,30.677007,Open,2020-04-01T15:00:00Z
-85.148463,34.222981,Open,2020-04-01T15:00:00Z
-80.114847,32.917584,Open,2020-04-01T15:00:00Z
-90.888954,32.303389,Open,2020-04-01T15:00:00Z
-81.212477,32.251957,Open,2020-04-01T15:00:00Z
-86.55614,35.983129,Open,2020-04-01T15:00:00Z
-84.46306,34.23786,Open,2020-04-01T15:00:00Z
-80.134535,36.166976,Open,2020-04-01T15:00:00Z
-86.742629,30.41216,Closed,2020-04-01T15:00:00Z
-84.00054,34.09255,Open,2020-04-01T15:00:00Z
-81.016338,33.97004,Open,2020-04-01T15:00:00Z
-86.45854,35.490831,Closed,2020-04-01T15:00:00Z
-77.576201,35.238907,Open,2020-04-01T15:00:00Z
-86.174805,32.338862,Open,2020-04-01T15:00:00Z
-93.759084,32.397877,Closed,2020-04-01T15:00:00Z
-77.497591,37.362722,Closed,2020-04-01T15:00:00Z
-81.624084,30.780299,Closed,2020-04-01T15:00:00Z
-81.201603,34.986128,Closed,2020-04-01T15:00:00Z
-85.754583,30.1627,Open,2020-04-01T15:00:00Z
-89.48401,32.33907,Open,2020-04-01T15:00:00Z
-88.65911,33.585898,Open,2020-04-01T15:00:00Z
-77.844266,35.977572,Open,2020-04-01T15:00:00Z
-84.435146,33.605756,Open,2020-04-01T15:00:00Z
-86.877222,36.494458,Closed,2020-04-01T15:00:00Z
-83.85227,35.909595,Closed,2020-04-01T15:00:00Z
-90.018368,29.903516,Closed,2020-04-01T15:00:00Z
-76.439947,36.817715,Open,2020-04-01T15:00:00Z
-79.758073,34.162872,Open,2020-04-01T15:00:00Z
-86.804561,33.507599,Open,2020-04-01T15:00:00Z
-84.755723,34.00886,Open,2020-04-01T15:00:00Z
-83.377433,33.958151,Closed,2020-04-01T15:00:00Z
-84.987102,32.47179,Open,2020-04-01T15:00:00Z
-87.554925,33.210686,Closed,2020-04-01T15:00:00Z
-80.024779,35.982382,Open,2020-04-01T15:00:00Z
-87.54859,33.127273,Closed,2020-04-01T15:00:00Z
-81.506603,28.672685,Open,2020-04-01T15:00:00Z
-83.97578,33.630808,Open,2020-04-01T15:00:00Z
-95.677394,29.878597,Closed,2020-04-01T15:00:00Z
-88.113742,30.676361,Closed,2020-04-01T15:00:00Z
-89.029748,34.496742,Closed,2020-04-01T15:00:00Z
-86.357152,39.763351,Closed,2020-04-01T15:00:00Z
-76.798843,34.73649,Closed,2020-04-01T15:00:00Z
-83.007438,39.997342,Closed,2020-04-01T15:00:00Z
-85.972867,30.264312,Closed,2020-04-01T15:00:00Z
-82.681899,34.499715,Open,2020-04-01T15:00:00Z
-86.740875,34.751828,Closed,2020-04-01T15:00:00Z
-81.077342,35.117118,Closed,2020-04-01T15:00:00Z
-80.418313,37.233455,Open,2020-04-01T15:00:00Z
-86.68406,33.642611,Open,2020-04-01T15:00:00Z
-80.416027,37.148602,Closed,2020-04-01T15:00:00Z
-82.707084,35.271073,Closed,2020-04-01T15:00:00Z
-88.728456,32.36337,Open,2020-04-01T15:00:00Z
-81.0171,34.00243,Open,2020-04-01T15:00:00Z
-86.204599,32.52895,Open,2020-04-01T15:00:00Z
-81.530077,30.323693,Open,2020-04-01T15:00:00Z
-88.716926,34.24518,Open,2020-04-01T15:00:00Z
-83.828731,33.607435,Open,2020-04-01T15:00:00Z
-87.47734,31.107221,Open,2020-04-01T15:00:00Z
-86.968653,33.396336,Closed,2020-04-01T15:00:00Z
-78.130895,39.186839,Closed,2020-04-01T15:00:00Z
-82.074523,33.377702,Open,2020-04-01T15:00:00Z
-81.368726,35.749238,Closed,2020-04-01T15:00:00Z
-84.469285,39.257429,Closed,2020-04-01T15:00:00Z
-84.761764,33.725705,Open,2020-04-01T15:00:00Z
-80.72766,32.379827,Open,2020-04-01T15:00:00Z
-82.368924,34.831897,Open,2020-04-01T15:00:00Z
-84.849118,39.121754,Closed,2020-04-01T15:00:00Z
-89.315439,31.309481,Open,2020-04-01T15:00:00Z
-81.645885,28.823752,Open,2020-04-01T15:00:00Z
-87.85265,30.6742,Open,2020-04-01T15:00:00Z
-77.473381,34.756151,Closed,2020-04-01T15:00:00Z
-79.054874,35.913808,Closed,2020-04-01T15:00:00Z
-86.796568,33.500712,Closed,2020-04-01T15:00:00Z
-85.036422,32.42462,Open,2020-04-01T15:00:00Z
-83.523358,31.45063,Open,2020-04-01T15:00:00Z
-77.454472,37.552972,Open,2020-04-01T15:00:00Z
-79.021107,33.775474,Closed,2020-04-01T15:00:00Z
-86.370704,39.67951,Closed,2020-04-01T15:00:00Z
-81.1292,31.992122,Open,2020-04-01T15:00:00Z
-76.207574,36.855282,Open,2020-04-01T15:00:00Z
-83.913382,34.005476,Open,2020-04-01T15:00:00Z
-83.305673,30.846519,Closed,2020-04-01T15:00:00Z
-82.317307,36.426061,Closed,2020-04-01T15:00:00Z
-82.246486,36.345308,Open,2020-04-01T15:00:00Z
-84.391836,33.759953,Open,2020-04-01T15:00:00Z
-90.058805,29.988609,Closed,2020-04-01T15:00:00Z
-87.232926,30.445558,Open,2020-04-01T15:00:00Z
-95.332516,29.559595,Open,2020-04-01T15:00:00Z
-78.845245,35.924122,Open,2020-04-01T15:00:00Z
-84.612248,33.613511,Open,2020-04-01T15:00:00Z
-77.951721,35.71941,Closed,2020-04-01T15:00:00Z
-84.266787,33.754368,Open,2020-04-01T15:00:00Z
-89.747606,31.870068,Closed,2020-04-01T15:00:00Z
-81.778021,30.247868,Open,2020-04-01T15:00:00Z
-84.517514,39.127923,Open,2020-04-01T15:00:00Z
-81.061501,34.95257,Open,2020-04-01T15:00:00Z
-80.58512,35.461041,Closed,2020-04-01T15:00:00Z
-83.259411,30.914044,Open,2020-04-01T15:00:00Z
-81.33631,28.658301,Closed,2020-04-01T15:00:00Z
-82.63399,34.531357,Closed,2020-04-01T15:00:00Z
-92.114796,32.526135,Open,2020-04-01T15:00:00Z
-86.304882,32.380273,Open,2020-04-01T15:00:00Z
-86.727829,36.083631,Closed,2020-04-01T15:00:00Z
-83.689204,32.5529,Closed,2020-04-01T15:00:00Z
-81.056304,32.312974,Open,2020-04-01T15:00:00Z
-79.4084,36.0955,Open,2020-04-01T15:00:00Z
-79.9864,37.2234,Open,2020-04-01T15:00:00Z
-84.6066,39.0956,Closed,2020-04-01T15:00:00Z
-76.100642,36.795955,Open,2020-04-01T15:00:00Z
-95.25,29.9828,Closed,2020-04-01T15:00:00Z
-87.7228,34.4971,Closed,2020-04-01T15:00:00Z
-86.6454,36.0517,Open,2020-04-01T15:00:00Z
-81.7031,33.5778,Open,2020-04-01T15:00:00Z
-83.953143,34.035697,Closed,2020-04-01T15:00:00Z
-85.0161,33.0044,Open,2020-04-01T15:00:00Z
-90.084,29.9637,Open,2020-04-01T15:00:00Z
-88.156655,30.719941,Closed,2020-04-01T15:00:00Z
-84.53985,33.89654,Open,2020-04-01T15:00:00Z
-81.028756,29.106157,Closed,2020-04-01T15:00:00Z
-96.882359,32.72036,Open,2020-04-01T15:00:00Z
-84.0061,35.7212,Open,2020-04-01T15:00:00Z
-84.1727,33.874,Closed,2020-04-01T15:00:00Z
-82.081898,33.500618,Open,2020-04-01T15:00:00Z
-84.2575,33.2474,Open,2020-04-01T15:00:00Z
-93.249728,30.186933,Open,2020-04-01T15:00:00Z
-90.162241,29.974879,Open,2020-04-01T15:00:00Z
-82.939515,32.487791,Closed,2020-04-01T15:00:00Z
-78.89019,36.01778,Closed,2020-04-01T15:00:00Z
-79.953782,37.314415,Open,2020-04-01T15:00:00Z
-82.492,27.967,Open,2020-04-01T15:00:00Z
-96.582406,32.745036,Closed,2020-04-01T15:00:00Z
-81.9409,26.6209,Open,2020-04-01T15:00:00Z
-94.357,35.457,Closed,2020-04-01T15:00:00Z
-83.75812,32.433401,Closed,2020-04-01T15:00:00Z
-84.39644,33.76174,Closed,2020-04-01T15:00:00Z
-81.1905,34.70488,Closed,2020-04-01T15:00:00Z
-86.50321,34.338638,Closed,2020-04-01T15:00:00Z
-86.018234,39.48275,Closed,2020-04-01T15:00:00Z
-81.00519,29.127639,Closed,2020-04-01T15:00:00Z
-76.244171,36.863146,Open,2020-04-01T15:00:00Z
-87.243346,33.792865,Closed,2020-04-01T15:00:00Z
-80.649563,32.414794,Closed,2020-04-01T15:00:00Z
-88.43328,33.507504,Open,2020-04-01T15:00:00Z
-85.02892,33.055173,Open,2020-04-01T15:00:00Z
-87.312944,36.513914,Closed,2020-04-01T15:00:00Z
-86.753203,34.676411,Open,2020-04-01T15:00:00Z
-84.0846,33.92287,Closed,2020-04-01T15:00:00Z
-82.784095,34.634135,Open,2020-04-01T15:00:00Z
-77.494051,37.428788,Open,2020-04-01T15:00:00Z
-96.466173,32.757535,Open,2020-04-01T15:00:00Z
-77.427376,39.408759,Closed,2020-04-01T15:00:00Z
-94.171853,30.073389,Closed,2020-04-01T15:00:00Z
-96.991858,32.709286,Closed,2020-04-01T15:00:00Z
-80.030081,32.979557,Closed,2020-04-01T15:00:00Z
-83.9072,34.0688,Open,2020-04-01T15:00:00Z
-81.956778,28.016342,Open,2020-04-01T15:00:00Z
-82.733,27.991,Open,2020-04-01T15:00:00Z
-82.5708,35.703772,Closed,2020-04-01T15:00:00Z
-88.13116,30.67524,Open,2020-04-01T15:00:00Z
-85.770474,39.809132,Closed,2020-04-01T15:00:00Z
-84.3609,33.7405,Open,2020-04-01T15:00:00Z
-77.507229,37.633316,Open,2020-04-01T15:00:00Z
-82.031878,35.65225,Closed,2020-04-01T15:00:00Z
-82.585861,27.462781,Open,2020-04-01T15:00:00Z
-94.138,36.183,Closed,2020-04-01T15:00:00Z
-86.396186,35.81918,Closed,2020-04-01T15:00:00Z
-90.241152,30.0087,Open,2020-04-01T15:00:00Z
-81.9441,26.5649,Closed,2020-04-01T15:00:00Z
-92.618537,32.537902,Open,2020-04-01T15:00:00Z
-84.2062,31.6229,Closed,2020-04-01T15:00:00Z
-89.736781,35.20559,Open,2020-04-01T15:00:00Z
-78.651477,35.734055,Open,2020-04-01T15:00:00Z
-85.029085,35.475254,Closed,2020-04-01T15:00:00Z
-80.121129,33.044113,Open,2020-04-01T15:00:00Z
-85.604075,38.258822,Closed,2020-04-01T15:00:00Z
-90.33899162,38.79666294,Open,2020-04-01T15:00:00Z
-78.90344,36.05443,Open,2020-04-01T15:00:00Z
-84.274,33.8802,Open,2020-04-01T15:00:00Z
-80.934787,35.076867,Open,2020-04-01T15:00:00Z
-86.5603,30.78384,Open,2020-04-01T15:00:00Z
-84.612334,39.134783,Closed,2020-04-01T15:00:00Z
-81.101987,35.221746,Closed,2020-04-01T15:00:00Z
-91.027932,30.513794999999998,Open,2020-04-01T15:00:00Z
-84.4071,33.7844,Open,2020-04-01T15:00:00Z
-88.675776,32.365341,Open,2020-04-01T15:00:00Z
-76.061164,36.756215,Closed,2020-04-01T15:00:00Z
-79.184532,37.372021,Open,2020-04-01T15:00:00Z
-95.411852,29.966179,Open,2020-04-01T15:00:00Z
-90.046212,29.915312,Open,2020-04-01T15:00:00Z
-82.787,27.934,Closed,2020-04-01T15:00:00Z
-90.073113,30.37019,Open,2020-04-01T15:00:00Z
-86.854368,33.283261,Closed,2020-04-01T15:00:00Z
-82.639335,30.183492,Open,2020-04-01T15:00:00Z
-89.828796,35.04948,Open,2020-04-01T15:00:00Z
-86.615689,36.051874,Open,2020-04-01T15:00:00Z
-78.719497,36.14261,Closed,2020-04-01T15:00:00Z
-95.629084,29.947421,Closed,2020-04-01T15:00:00Z
-83.9019,33.56531,Open,2020-04-01T15:00:00Z
-80.091552,37.288422,Closed,2020-04-01T15:00:00Z
-80.969088,29.151235,Closed,2020-04-01T15:00:00Z
-76.342464,36.830187,Open,2020-04-01T15:00:00Z
-77.949231,34.237534,Closed,2020-04-01T15:00:00Z
-96.60637,32.968131,Closed,2020-04-01T15:00:00Z
-86.843386,33.354666,Closed,2020-04-01T15:00:00Z
-84.206,33.462175,Open,2020-04-01T15:00:00Z
-87.898899,30.598605,Closed,2020-04-01T15:00:00Z
-83.71487,32.614092,Open,2020-04-01T15:00:00Z
-79.523611,36.07101,Closed,2020-04-01T15:00:00Z
-86.352681,35.875097,Closed,2020-04-01T15:00:00Z
-90.271372,30.023002,Closed,2020-04-01T15:00:00Z
-79.985822,32.898412,Open,2020-04-01T15:00:00Z
-84.2784568595722,33.7746281296978,Open,2020-04-01T15:00:00Z
-88.780694,35.674914,Closed,2020-04-01T15:00:00Z
-91.127792,30.580582,Open,2020-04-01T15:00:00Z
-80.205641,25.955672,Open,2020-04-01T15:00:00Z
-80.666906,35.366769,Closed,2020-04-01T15:00:00Z
-97.56596,35.406447,Open,2020-04-01T15:00:00Z
-81.01622,29.23453,Open,2020-04-01T15:00:00Z
-86.57177,34.855504,Open,2020-04-01T15:00:00Z
-76.344303,36.740862,Closed,2020-04-01T15:00:00Z
-84.192634,33.517948,Open,2020-04-01T15:00:00Z
-81.632,30.157,Open,2020-04-01T15:00:00Z
-86.961821,31.454352,Closed,2020-04-01T15:00:00Z
-84.364334,35.511474,Closed,2020-04-01T15:00:00Z
-84.625908,33.399829,Open,2020-04-01T15:00:00Z
-77.83421,39.296024,Closed,2020-04-01T15:00:00Z
-77.518985,38.359332,Closed,2020-04-01T15:00:00Z
-95.481102,29.913294,Open,2020-04-01T15:00:00Z
-84.352035,33.989889,Closed,2020-04-01T15:00:00Z
-83.08319,39.840191,Closed,2020-04-01T15:00:00Z
-84.45238,38.042061,Closed,2020-04-01T15:00:00Z
-81.993971,33.475816,Open,2020-04-01T15:00:00Z
-82.699,28.334,Open,2020-04-01T15:00:00Z
-86.819468,35.945115,Closed,2020-04-01T15:00:00Z
-91.009638,30.407864,Open,2020-04-01T15:00:00Z
-81.8428,27.9096,Open,2020-04-01T15:00:00Z
-80.550628,35.37077,Closed,2020-04-01T15:00:00Z
-84.6509,33.7672,Open,2020-04-01T15:00:00Z
-84.198238,33.761865,Open,2020-04-01T15:00:00Z
-97.432405,32.751007,Closed,2020-04-01T15:00:00Z
-89.794544,34.969441,Open,2020-04-01T15:00:00Z
-81.77475,32.406629,Open,2020-04-01T15:00:00Z
-93.179716,30.187104,Open,2020-04-01T15:00:00Z
-82.26043,38.41445,Closed,2020-04-01T15:00:00Z
-94.26324,36.357649,Closed,2020-04-01T15:00:00Z
-80.961244,35.171607,Open,2020-04-01T15:00:00Z
-77.341745,37.346598,Open,2020-04-01T15:00:00Z
-79.249072,37.375813,Closed,2020-04-01T15:00:00Z
-81.811,30.115,Open,2020-04-01T15:00:00Z
-81.304275,29.047148,Open,2020-04-01T15:00:00Z
-91.136962,30.426663,Open,2020-04-01T15:00:00Z
-83.733645,32.926013,Open,2020-04-01T15:00:00Z
-78.5536,35.51542,Closed,2020-04-01T15:00:00Z
-83.605667,41.550702,Closed,2020-04-01T15:00:00Z
-84.75484,33.377075,Open,2020-04-01T15:00:00Z
-80.475629,25.460053,Open,2020-04-01T15:00:00Z
-86.36335372924805,35.782057554783094,Closed,2020-04-01T15:00:00Z
-88.88298,30.393349,Closed,2020-04-01T15:00:00Z
-80.630998,35.223878,Closed,2020-04-01T15:00:00Z
-90.814378,29.816074,Closed,2020-04-01T15:00:00Z
-82.566752,28.026354,Open,2020-04-01T15:00:00Z
-90.505217,30.07422,Open,2020-04-01T15:00:00Z
-78.932235,34.983063,Open,2020-04-01T15:00:00Z
-94.141987,36.334218,Closed,2020-04-01T15:00:00Z
-81.41769981059423,29.92149077708089,Open,2020-04-01T15:00:00Z
-97.648557,30.38714,Open,2020-04-01T15:00:00Z
-86.121281,30.491169,Open,2020-04-01T15:00:00Z
-84.571,34.1131,Open,2020-04-01T15:00:00Z
-81.289,28.758,Open,2020-04-01T15:00:00Z
-76.3267,36.7971,Open,2020-04-01T15:00:00Z
-95.48187,30.044411,Open,2020-04-01T15:00:00Z
-90.3881,38.7318,Open,2020-04-01T15:00:00Z
-92.08832,30.15591,Open,2020-04-01T15:00:00Z
-83.8333,34.3227,Closed,2020-04-01T15:00:00Z
-96.993484,33.016766,Closed,2020-04-01T15:00:00Z
-78.889973,33.686146,Open,2020-04-01T15:00:00Z
-84.1672,33.72375,Open,2020-04-01T15:00:00Z
-96.442984,32.071476,Open,2020-04-01T15:00:00Z
-81.467,28.461,Open,2020-04-01T15:00:00Z
-83.6959,32.581922,Closed,2020-04-01T15:00:00Z
-81.169,35.231,Open,2020-04-01T15:00:00Z
-84.18054,33.42918,Open,2020-04-01T15:00:00Z
-80.0312,33.0965,Closed,2020-04-01T15:00:00Z
-86.349591,30.735219,Open,2020-04-01T15:00:00Z
-82.265,36.5902,Open,2020-04-01T15:00:00Z
-87.400484,30.396464,Open,2020-04-01T15:00:00Z
-90.13722,29.964992,Closed,2020-04-01T15:00:00Z
-79.8927,37.3017,Open,2020-04-01T15:00:00Z
-86.894112,35.739722,Closed,2020-04-01T15:00:00Z
-80.6909,28.1226,Open,2020-04-01T15:00:00Z
-97.160639,32.83814,Closed,2020-04-01T15:00:00Z
-85.00068,34.68877,Open,2020-04-01T15:00:00Z
-92.031856,30.323025,Open,2020-04-01T15:00:00Z
-84.2636,39.096833,Closed,2020-04-01T15:00:00Z
-84.235114,39.196408,Closed,2020-04-01T15:00:00Z
-76.414825,37.0344562,Open,2020-04-01T15:00:00Z
-84.5476633,34.1713467,Open,2020-04-01T15:00:00Z
-79.958985,36.065152,Closed,2020-04-01T15:00:00Z
-82.2085,27.0723,Open,2020-04-01T15:00:00Z
-91.126547,30.362177,Open,2020-04-01T15:00:00Z
-81.747,30.415,Open,2020-04-01T15:00:00Z
-84.534748,33.341166,Open,2020-04-01T15:00:00Z
